tweet_id,timestamp,rating_numerator,rating_denominator,name,retweeted_status_id,text,Dog Stage,Cluster,p1,p2,p2_conf,p3,p3_conf,favorite_count,favorited,id,lang,retweet_count,retweeted
885311592912609280,2017-07-13 01:35:06,10,10,Lilly,8.305833205850685e+17,RT @dog_rates: This is Lilly. She just parallel barked. Kindly requests a reward now. 13/10 would pet so well https://t.co/SATN4If5H5,doggo,None,Labrador_retriever,seat_belt,0.0570909,pug,0.0119335,0,False,885311592912609280,English (US),19297,False
885311592912609280,2017-07-13 01:35:06,10,10,Lilly,8.305833205850685e+17,RT @dog_rates: This is Lilly. She just parallel barked. Kindly requests a reward now. 13/10 would pet so well https://t.co/SATN4If5H5,floofer,None,Labrador_retriever,seat_belt,0.0570909,pug,0.0119335,0,False,885311592912609280,English (US),19297,False
885311592912609280,2017-07-13 01:35:06,10,10,Lilly,8.305833205850685e+17,RT @dog_rates: This is Lilly. She just parallel barked. Kindly requests a reward now. 13/10 would pet so well https://t.co/SATN4If5H5,pupper,None,Labrador_retriever,seat_belt,0.0570909,pug,0.0119335,0,False,885311592912609280,English (US),19297,False
885311592912609280,2017-07-13 01:35:06,10,10,Lilly,8.305833205850685e+17,RT @dog_rates: This is Lilly. She just parallel barked. Kindly requests a reward now. 13/10 would pet so well https://t.co/SATN4If5H5,puppo,None,Labrador_retriever,seat_belt,0.0570909,pug,0.0119335,0,False,885311592912609280,English (US),19297,False
877611172832227328,2017-06-21 19:36:23,10,10,,8.76850772322988e+17,RT @rachel2195: @dog_rates the boyfriend and his soaking wet pupper h*cking love his new hat 14/10 https://t.co/dJx4Gzc50G,doggo,None,Irish_setter,golden_retriever,0.202907,Irish_terrier,0.107473,0,False,877611172832227328,English (US),83,False
877611172832227328,2017-06-21 19:36:23,10,10,,8.76850772322988e+17,RT @rachel2195: @dog_rates the boyfriend and his soaking wet pupper h*cking love his new hat 14/10 https://t.co/dJx4Gzc50G,floofer,None,Irish_setter,golden_retriever,0.202907,Irish_terrier,0.107473,0,False,877611172832227328,English (US),83,False
877611172832227328,2017-06-21 19:36:23,10,10,,8.76850772322988e+17,RT @rachel2195: @dog_rates the boyfriend and his soaking wet pupper h*cking love his new hat 14/10 https://t.co/dJx4Gzc50G,pupper,pupper,Irish_setter,golden_retriever,0.202907,Irish_terrier,0.107473,0,False,877611172832227328,English (US),83,False
877611172832227328,2017-06-21 19:36:23,10,10,,8.76850772322988e+17,RT @rachel2195: @dog_rates the boyfriend and his soaking wet pupper h*cking love his new hat 14/10 https://t.co/dJx4Gzc50G,puppo,None,Irish_setter,golden_retriever,0.202907,Irish_terrier,0.107473,0,False,877611172832227328,English (US),83,False
873697596434513921,2017-06-11 00:25:14,10,10,Walter,8.688803978194944e+17,RT @dog_rates: This is Walter. He won't start hydrotherapy without his favorite floatie. 14/10 keep it pup Walter https://t.co/r28jFx9uyF,doggo,None,laptop,French_bulldog,0.0999839,printer,0.0771299,0,False,873697596434513921,English (US),12518,False
873697596434513921,2017-06-11 00:25:14,10,10,Walter,8.688803978194944e+17,RT @dog_rates: This is Walter. He won't start hydrotherapy without his favorite floatie. 14/10 keep it pup Walter https://t.co/r28jFx9uyF,floofer,None,laptop,French_bulldog,0.0999839,printer,0.0771299,0,False,873697596434513921,English (US),12518,False
873697596434513921,2017-06-11 00:25:14,10,10,Walter,8.688803978194944e+17,RT @dog_rates: This is Walter. He won't start hydrotherapy without his favorite floatie. 14/10 keep it pup Walter https://t.co/r28jFx9uyF,pupper,None,laptop,French_bulldog,0.0999839,printer,0.0771299,0,False,873697596434513921,English (US),12518,False
873697596434513921,2017-06-11 00:25:14,10,10,Walter,8.688803978194944e+17,RT @dog_rates: This is Walter. He won't start hydrotherapy without his favorite floatie. 14/10 keep it pup Walter https://t.co/r28jFx9uyF,puppo,None,laptop,French_bulldog,0.0999839,printer,0.0771299,0,False,873697596434513921,English (US),12518,False
867072653475098625,2017-05-23 17:40:04,10,10,,8.650134204453683e+17,RT @rachaeleasler: these @dog_rates hats are 13/10 bean approved https://t.co/nRCdq4g9gG,doggo,None,Blenheim_spaniel,papillon,0.211766,Pekinese,0.112952,0,False,867072653475098625,English (US),135,False
867072653475098625,2017-05-23 17:40:04,10,10,,8.650134204453683e+17,RT @rachaeleasler: these @dog_rates hats are 13/10 bean approved https://t.co/nRCdq4g9gG,floofer,None,Blenheim_spaniel,papillon,0.211766,Pekinese,0.112952,0,False,867072653475098625,English (US),135,False
867072653475098625,2017-05-23 17:40:04,10,10,,8.650134204453683e+17,RT @rachaeleasler: these @dog_rates hats are 13/10 bean approved https://t.co/nRCdq4g9gG,pupper,None,Blenheim_spaniel,papillon,0.211766,Pekinese,0.112952,0,False,867072653475098625,English (US),135,False
867072653475098625,2017-05-23 17:40:04,10,10,,8.650134204453683e+17,RT @rachaeleasler: these @dog_rates hats are 13/10 bean approved https://t.co/nRCdq4g9gG,puppo,None,Blenheim_spaniel,papillon,0.211766,Pekinese,0.112952,0,False,867072653475098625,English (US),135,False
861769973181624320,2017-05-09 02:29:07,10,10,,8.06629075125203e+17,"RT @dog_rates: ""Good afternoon class today we're going to learn what makes a good boy so good"" 13/10 https://t.co/f1h2Fsalv9",doggo,None,Arabian_camel,house_finch,0.209852,cocker_spaniel,0.0464032,0,False,861769973181624320,English (US),37911,False
861769973181624320,2017-05-09 02:29:07,10,10,,8.06629075125203e+17,"RT @dog_rates: ""Good afternoon class today we're going to learn what makes a good boy so good"" 13/10 https://t.co/f1h2Fsalv9",floofer,None,Arabian_camel,house_finch,0.209852,cocker_spaniel,0.0464032,0,False,861769973181624320,English (US),37911,False
861769973181624320,2017-05-09 02:29:07,10,10,,8.06629075125203e+17,"RT @dog_rates: ""Good afternoon class today we're going to learn what makes a good boy so good"" 13/10 https://t.co/f1h2Fsalv9",pupper,None,Arabian_camel,house_finch,0.209852,cocker_spaniel,0.0464032,0,False,861769973181624320,English (US),37911,False
861769973181624320,2017-05-09 02:29:07,10,10,,8.06629075125203e+17,"RT @dog_rates: ""Good afternoon class today we're going to learn what makes a good boy so good"" 13/10 https://t.co/f1h2Fsalv9",puppo,None,Arabian_camel,house_finch,0.209852,cocker_spaniel,0.0464032,0,False,861769973181624320,English (US),37911,False
860924035999428608,2017-05-06 18:27:40,10,10,,8.609144852504699e+17,RT @tallylott: h*ckin adorable promposal. 13/10 @dog_rates https://t.co/6n8hzNihJ9,doggo,None,envelope,oscilloscope,0.0125914,paper_towel,0.0111785,0,False,860924035999428608,English (US),882,False
860924035999428608,2017-05-06 18:27:40,10,10,,8.609144852504699e+17,RT @tallylott: h*ckin adorable promposal. 13/10 @dog_rates https://t.co/6n8hzNihJ9,floofer,None,envelope,oscilloscope,0.0125914,paper_towel,0.0111785,0,False,860924035999428608,English (US),882,False
860924035999428608,2017-05-06 18:27:40,10,10,,8.609144852504699e+17,RT @tallylott: h*ckin adorable promposal. 13/10 @dog_rates https://t.co/6n8hzNihJ9,pupper,None,envelope,oscilloscope,0.0125914,paper_towel,0.0111785,0,False,860924035999428608,English (US),882,False
860924035999428608,2017-05-06 18:27:40,10,10,,8.609144852504699e+17,RT @tallylott: h*ckin adorable promposal. 13/10 @dog_rates https://t.co/6n8hzNihJ9,puppo,None,envelope,oscilloscope,0.0125914,paper_towel,0.0111785,0,False,860924035999428608,English (US),882,False
851953902622658560,2017-04-12 00:23:33,10,10,Astrid,8.29374341691347e+17,RT @dog_rates: This is Astrid. She's a guide doggo in training. 13/10 would follow anywhere https://t.co/xo7FZFIAao,doggo,doggo,Staffordshire_bullterrier,American_Staffordshire_terrier,0.14995,Chesapeake_Bay_retriever,0.0475227,0,False,851953902622658560,English (US),10706,False
851953902622658560,2017-04-12 00:23:33,10,10,Astrid,8.29374341691347e+17,RT @dog_rates: This is Astrid. She's a guide doggo in training. 13/10 would follow anywhere https://t.co/xo7FZFIAao,floofer,None,Staffordshire_bullterrier,American_Staffordshire_terrier,0.14995,Chesapeake_Bay_retriever,0.0475227,0,False,851953902622658560,English (US),10706,False
851953902622658560,2017-04-12 00:23:33,10,10,Astrid,8.29374341691347e+17,RT @dog_rates: This is Astrid. She's a guide doggo in training. 13/10 would follow anywhere https://t.co/xo7FZFIAao,pupper,None,Staffordshire_bullterrier,American_Staffordshire_terrier,0.14995,Chesapeake_Bay_retriever,0.0475227,0,False,851953902622658560,English (US),10706,False
851953902622658560,2017-04-12 00:23:33,10,10,Astrid,8.29374341691347e+17,RT @dog_rates: This is Astrid. She's a guide doggo in training. 13/10 would follow anywhere https://t.co/xo7FZFIAao,puppo,None,Staffordshire_bullterrier,American_Staffordshire_terrier,0.14995,Chesapeake_Bay_retriever,0.0475227,0,False,851953902622658560,English (US),10706,False
851861385021730816,2017-04-11 18:15:55,10,10,,8.482893821761004e+17,RT @eddie_coe98: Thanks @dog_rates completed my laptop. 10/10 would buy again https://t.co/bO0rThDlXI,doggo,None,pencil_box,purse,0.0665055,pillow,0.0447253,0,False,851861385021730816,English (US),23,False
851861385021730816,2017-04-11 18:15:55,10,10,,8.482893821761004e+17,RT @eddie_coe98: Thanks @dog_rates completed my laptop. 10/10 would buy again https://t.co/bO0rThDlXI,floofer,None,pencil_box,purse,0.0665055,pillow,0.0447253,0,False,851861385021730816,English (US),23,False
851861385021730816,2017-04-11 18:15:55,10,10,,8.482893821761004e+17,RT @eddie_coe98: Thanks @dog_rates completed my laptop. 10/10 would buy again https://t.co/bO0rThDlXI,pupper,None,pencil_box,purse,0.0665055,pillow,0.0447253,0,False,851861385021730816,English (US),23,False
851861385021730816,2017-04-11 18:15:55,10,10,,8.482893821761004e+17,RT @eddie_coe98: Thanks @dog_rates completed my laptop. 10/10 would buy again https://t.co/bO0rThDlXI,puppo,None,pencil_box,purse,0.0665055,pillow,0.0447253,0,False,851861385021730816,English (US),23,False
847971574464610304,2017-04-01 00:39:12,10,10,,8.47971000004354e+17,RT @basic_vacek_: I love my new mug easy 13/10 @dog_rates https://t.co/0bYtoL7Wwt,doggo,None,coffee_mug,cup,0.273392,toilet_tissue,0.0666558,0,False,847971574464610304,English (US),482,False
847971574464610304,2017-04-01 00:39:12,10,10,,8.47971000004354e+17,RT @basic_vacek_: I love my new mug easy 13/10 @dog_rates https://t.co/0bYtoL7Wwt,floofer,None,coffee_mug,cup,0.273392,toilet_tissue,0.0666558,0,False,847971574464610304,English (US),482,False
847971574464610304,2017-04-01 00:39:12,10,10,,8.47971000004354e+17,RT @basic_vacek_: I love my new mug easy 13/10 @dog_rates https://t.co/0bYtoL7Wwt,pupper,None,coffee_mug,cup,0.273392,toilet_tissue,0.0666558,0,False,847971574464610304,English (US),482,False
847971574464610304,2017-04-01 00:39:12,10,10,,8.47971000004354e+17,RT @basic_vacek_: I love my new mug easy 13/10 @dog_rates https://t.co/0bYtoL7Wwt,puppo,None,coffee_mug,cup,0.273392,toilet_tissue,0.0666558,0,False,847971574464610304,English (US),482,False
842892208864923648,2017-03-18 00:15:37,10,10,Stephan,8.071068405092147e+17,RT @dog_rates: This is Stephan. He just wants to help. 13/10 such a good boy https://t.co/DkBYaCAg2d,doggo,None,Chihuahua,Pomeranian,0.120358,toy_terrier,0.0770081,0,False,842892208864923648,English (US),56625,False
842892208864923648,2017-03-18 00:15:37,10,10,Stephan,8.071068405092147e+17,RT @dog_rates: This is Stephan. He just wants to help. 13/10 such a good boy https://t.co/DkBYaCAg2d,floofer,None,Chihuahua,Pomeranian,0.120358,toy_terrier,0.0770081,0,False,842892208864923648,English (US),56625,False
842892208864923648,2017-03-18 00:15:37,10,10,Stephan,8.071068405092147e+17,RT @dog_rates: This is Stephan. He just wants to help. 13/10 such a good boy https://t.co/DkBYaCAg2d,pupper,None,Chihuahua,Pomeranian,0.120358,toy_terrier,0.0770081,0,False,842892208864923648,English (US),56625,False
842892208864923648,2017-03-18 00:15:37,10,10,Stephan,8.071068405092147e+17,RT @dog_rates: This is Stephan. He just wants to help. 13/10 such a good boy https://t.co/DkBYaCAg2d,puppo,None,Chihuahua,Pomeranian,0.120358,toy_terrier,0.0770081,0,False,842892208864923648,English (US),56625,False
841833993020538882,2017-03-15 02:10:39,10,10,Ken,8.174238601360835e+17,RT @dog_rates: This is Ken. His cheeks are magic. 13/10 (IG: ken_shiba) https://t.co/btzf1zTDeQ,doggo,None,ice_bear,Samoyed,0.201358,Eskimo_dog,0.186789,0,False,841833993020538882,English (US),17504,False
841833993020538882,2017-03-15 02:10:39,10,10,Ken,8.174238601360835e+17,RT @dog_rates: This is Ken. His cheeks are magic. 13/10 (IG: ken_shiba) https://t.co/btzf1zTDeQ,floofer,None,ice_bear,Samoyed,0.201358,Eskimo_dog,0.186789,0,False,841833993020538882,English (US),17504,False
841833993020538882,2017-03-15 02:10:39,10,10,Ken,8.174238601360835e+17,RT @dog_rates: This is Ken. His cheeks are magic. 13/10 (IG: ken_shiba) https://t.co/btzf1zTDeQ,pupper,None,ice_bear,Samoyed,0.201358,Eskimo_dog,0.186789,0,False,841833993020538882,English (US),17504,False
841833993020538882,2017-03-15 02:10:39,10,10,Ken,8.174238601360835e+17,RT @dog_rates: This is Ken. His cheeks are magic. 13/10 (IG: ken_shiba) https://t.co/btzf1zTDeQ,puppo,None,ice_bear,Samoyed,0.201358,Eskimo_dog,0.186789,0,False,841833993020538882,English (US),17504,False
839290600511926273,2017-03-08 01:44:07,10,10,,8.392899192982241e+17,RT @alexmartindawg: THE DRINK IS DR. PUPPER 10/10 good pun @matt___nelson @GoodDogsGame https://t.co/act3duiqbL,doggo,None,web_site,monitor,0.101565,screen,0.0753061,0,False,839290600511926273,English (US),158,False
839290600511926273,2017-03-08 01:44:07,10,10,,8.392899192982241e+17,RT @alexmartindawg: THE DRINK IS DR. PUPPER 10/10 good pun @matt___nelson @GoodDogsGame https://t.co/act3duiqbL,floofer,None,web_site,monitor,0.101565,screen,0.0753061,0,False,839290600511926273,English (US),158,False
839290600511926273,2017-03-08 01:44:07,10,10,,8.392899192982241e+17,RT @alexmartindawg: THE DRINK IS DR. PUPPER 10/10 good pun @matt___nelson @GoodDogsGame https://t.co/act3duiqbL,pupper,pupper,web_site,monitor,0.101565,screen,0.0753061,0,False,839290600511926273,English (US),158,False
839290600511926273,2017-03-08 01:44:07,10,10,,8.392899192982241e+17,RT @alexmartindawg: THE DRINK IS DR. PUPPER 10/10 good pun @matt___nelson @GoodDogsGame https://t.co/act3duiqbL,puppo,None,web_site,monitor,0.101565,screen,0.0753061,0,False,839290600511926273,English (US),158,False
838916489579200512,2017-03-07 00:57:32,10,10,,8.3890598062882e+17,RT @KibaDva: I collected all the good dogs!! 15/10 @dog_rates #GoodDogs https://t.co/6UCGFczlOI,doggo,None,web_site,monitor,0.0014059,envelope,0.00109309,0,False,838916489579200512,English (US),38,False
838916489579200512,2017-03-07 00:57:32,10,10,,8.3890598062882e+17,RT @KibaDva: I collected all the good dogs!! 15/10 @dog_rates #GoodDogs https://t.co/6UCGFczlOI,floofer,None,web_site,monitor,0.0014059,envelope,0.00109309,0,False,838916489579200512,English (US),38,False
838916489579200512,2017-03-07 00:57:32,10,10,,8.3890598062882e+17,RT @KibaDva: I collected all the good dogs!! 15/10 @dog_rates #GoodDogs https://t.co/6UCGFczlOI,pupper,None,web_site,monitor,0.0014059,envelope,0.00109309,0,False,838916489579200512,English (US),38,False
838916489579200512,2017-03-07 00:57:32,10,10,,8.3890598062882e+17,RT @KibaDva: I collected all the good dogs!! 15/10 @dog_rates #GoodDogs https://t.co/6UCGFczlOI,puppo,None,web_site,monitor,0.0014059,envelope,0.00109309,0,False,838916489579200512,English (US),38,False
837012587749474308,2017-03-01 18:52:06,10,10,,8.370113446668124e+17,RT @KennyFromDaBlok: 14/10 h*ckin good hats. will wear daily @dog_rates https://t.co/rHLoU5gS30,doggo,None,toilet_tissue,cowboy_hat,0.158555,sombrero,0.14947,0,False,837012587749474308,English (US),88,False
837012587749474308,2017-03-01 18:52:06,10,10,,8.370113446668124e+17,RT @KennyFromDaBlok: 14/10 h*ckin good hats. will wear daily @dog_rates https://t.co/rHLoU5gS30,floofer,None,toilet_tissue,cowboy_hat,0.158555,sombrero,0.14947,0,False,837012587749474308,English (US),88,False
837012587749474308,2017-03-01 18:52:06,10,10,,8.370113446668124e+17,RT @KennyFromDaBlok: 14/10 h*ckin good hats. will wear daily @dog_rates https://t.co/rHLoU5gS30,pupper,None,toilet_tissue,cowboy_hat,0.158555,sombrero,0.14947,0,False,837012587749474308,English (US),88,False
837012587749474308,2017-03-01 18:52:06,10,10,,8.370113446668124e+17,RT @KennyFromDaBlok: 14/10 h*ckin good hats. will wear daily @dog_rates https://t.co/rHLoU5gS30,puppo,None,toilet_tissue,cowboy_hat,0.158555,sombrero,0.14947,0,False,837012587749474308,English (US),88,False
832769181346996225,2017-02-18 01:50:19,10,10,,8.327663821985669e+17,RT @EmilieGambril: 12/10 h*cking excited about my new shirt! @dog_rates https://t.co/zFEfMTaHqU,doggo,None,jersey,sweatshirt,0.0890854,poncho,0.00297522,0,False,832769181346996225,English (US),43,False
832769181346996225,2017-02-18 01:50:19,10,10,,8.327663821985669e+17,RT @EmilieGambril: 12/10 h*cking excited about my new shirt! @dog_rates https://t.co/zFEfMTaHqU,floofer,None,jersey,sweatshirt,0.0890854,poncho,0.00297522,0,False,832769181346996225,English (US),43,False
832769181346996225,2017-02-18 01:50:19,10,10,,8.327663821985669e+17,RT @EmilieGambril: 12/10 h*cking excited about my new shirt! @dog_rates https://t.co/zFEfMTaHqU,pupper,None,jersey,sweatshirt,0.0890854,poncho,0.00297522,0,False,832769181346996225,English (US),43,False
832769181346996225,2017-02-18 01:50:19,10,10,,8.327663821985669e+17,RT @EmilieGambril: 12/10 h*cking excited about my new shirt! @dog_rates https://t.co/zFEfMTaHqU,puppo,None,jersey,sweatshirt,0.0890854,poncho,0.00297522,0,False,832769181346996225,English (US),43,False
832215726631055365,2017-02-16 13:11:05,10,10,Moreton,7.932864763017994e+17,RT @dog_rates: This is Moreton. He's the Good Boy Who Lived. 13/10 magical as h*ck https://t.co/rLHGx3VAF3,doggo,None,Afghan_hound,borzoi,0.142204,doormat,0.109677,0,False,832215726631055365,English (US),10723,False
832215726631055365,2017-02-16 13:11:05,10,10,Moreton,7.932864763017994e+17,RT @dog_rates: This is Moreton. He's the Good Boy Who Lived. 13/10 magical as h*ck https://t.co/rLHGx3VAF3,floofer,None,Afghan_hound,borzoi,0.142204,doormat,0.109677,0,False,832215726631055365,English (US),10723,False
832215726631055365,2017-02-16 13:11:05,10,10,Moreton,7.932864763017994e+17,RT @dog_rates: This is Moreton. He's the Good Boy Who Lived. 13/10 magical as h*ck https://t.co/rLHGx3VAF3,pupper,None,Afghan_hound,borzoi,0.142204,doormat,0.109677,0,False,832215726631055365,English (US),10723,False
832215726631055365,2017-02-16 13:11:05,10,10,Moreton,7.932864763017994e+17,RT @dog_rates: This is Moreton. He's the Good Boy Who Lived. 13/10 magical as h*ck https://t.co/rLHGx3VAF3,puppo,None,Afghan_hound,borzoi,0.142204,doormat,0.109677,0,False,832215726631055365,English (US),10723,False
832040443403784192,2017-02-16 01:34:34,10,10,Klein,7.69940425801171e+17,RT @dog_rates: This is Klein. These pics were taken a month apart. He knows he's a stud now. 12/10 total heartthrob https://t.co/guDkLrX8zV,doggo,None,miniature_pinscher,Chihuahua,0.15541300000000002,Staffordshire_bullterrier,0.0309433,0,False,832040443403784192,English (US),11131,False
832040443403784192,2017-02-16 01:34:34,10,10,Klein,7.69940425801171e+17,RT @dog_rates: This is Klein. These pics were taken a month apart. He knows he's a stud now. 12/10 total heartthrob https://t.co/guDkLrX8zV,floofer,None,miniature_pinscher,Chihuahua,0.15541300000000002,Staffordshire_bullterrier,0.0309433,0,False,832040443403784192,English (US),11131,False
832040443403784192,2017-02-16 01:34:34,10,10,Klein,7.69940425801171e+17,RT @dog_rates: This is Klein. These pics were taken a month apart. He knows he's a stud now. 12/10 total heartthrob https://t.co/guDkLrX8zV,pupper,None,miniature_pinscher,Chihuahua,0.15541300000000002,Staffordshire_bullterrier,0.0309433,0,False,832040443403784192,English (US),11131,False
832040443403784192,2017-02-16 01:34:34,10,10,Klein,7.69940425801171e+17,RT @dog_rates: This is Klein. These pics were taken a month apart. He knows he's a stud now. 12/10 total heartthrob https://t.co/guDkLrX8zV,puppo,None,miniature_pinscher,Chihuahua,0.15541300000000002,Staffordshire_bullterrier,0.0309433,0,False,832040443403784192,English (US),11131,False
829878982036299777,2017-02-10 02:25:42,10,10,Loki,8.269586533285929e+17,RT @dog_rates: This is Loki. He smiles like Elvis. Ain't nothin but a hound doggo. 12/10 https://t.co/QV5nx6otZR,doggo,doggo,golden_retriever,Labrador_retriever,0.33705300000000005,tennis_ball,0.00855442,0,False,829878982036299777,English (US),5757,False
829878982036299777,2017-02-10 02:25:42,10,10,Loki,8.269586533285929e+17,RT @dog_rates: This is Loki. He smiles like Elvis. Ain't nothin but a hound doggo. 12/10 https://t.co/QV5nx6otZR,floofer,None,golden_retriever,Labrador_retriever,0.33705300000000005,tennis_ball,0.00855442,0,False,829878982036299777,English (US),5757,False
829878982036299777,2017-02-10 02:25:42,10,10,Loki,8.269586533285929e+17,RT @dog_rates: This is Loki. He smiles like Elvis. Ain't nothin but a hound doggo. 12/10 https://t.co/QV5nx6otZR,pupper,None,golden_retriever,Labrador_retriever,0.33705300000000005,tennis_ball,0.00855442,0,False,829878982036299777,English (US),5757,False
829878982036299777,2017-02-10 02:25:42,10,10,Loki,8.269586533285929e+17,RT @dog_rates: This is Loki. He smiles like Elvis. Ain't nothin but a hound doggo. 12/10 https://t.co/QV5nx6otZR,puppo,None,golden_retriever,Labrador_retriever,0.33705300000000005,tennis_ball,0.00855442,0,False,829878982036299777,English (US),5757,False
824796380199809024,2017-01-27 01:49:15,10,10,Bailey,7.950767302853919e+17,RT @dog_rates: This is Bailey. She loves going down slides but is very bad at it. Still 11/10 https://t.co/ivPWhspN3E,doggo,None,gas_pump,harvester,0.049995300000000006,swing,0.0446596,0,False,824796380199809024,English (US),6288,False
824796380199809024,2017-01-27 01:49:15,10,10,Bailey,7.950767302853919e+17,RT @dog_rates: This is Bailey. She loves going down slides but is very bad at it. Still 11/10 https://t.co/ivPWhspN3E,floofer,None,gas_pump,harvester,0.049995300000000006,swing,0.0446596,0,False,824796380199809024,English (US),6288,False
824796380199809024,2017-01-27 01:49:15,10,10,Bailey,7.950767302853919e+17,RT @dog_rates: This is Bailey. She loves going down slides but is very bad at it. Still 11/10 https://t.co/ivPWhspN3E,pupper,None,gas_pump,harvester,0.049995300000000006,swing,0.0446596,0,False,824796380199809024,English (US),6288,False
824796380199809024,2017-01-27 01:49:15,10,10,Bailey,7.950767302853919e+17,RT @dog_rates: This is Bailey. She loves going down slides but is very bad at it. Still 11/10 https://t.co/ivPWhspN3E,puppo,None,gas_pump,harvester,0.049995300000000006,swing,0.0446596,0,False,824796380199809024,English (US),6288,False
823269594223824897,2017-01-22 20:42:21,10,10,,8.222448165201551e+17,RT @dog_rates: We only rate dogs. Please don't send pics of men capturing low level clouds. Thank you... 11/10 https://t.co/rLi83ZyCL5,doggo,None,Samoyed,Pomeranian,0.193654,Arctic_fox,0.0716476,0,False,823269594223824897,English (US),11421,False
823269594223824897,2017-01-22 20:42:21,10,10,,8.222448165201551e+17,RT @dog_rates: We only rate dogs. Please don't send pics of men capturing low level clouds. Thank you... 11/10 https://t.co/rLi83ZyCL5,floofer,None,Samoyed,Pomeranian,0.193654,Arctic_fox,0.0716476,0,False,823269594223824897,English (US),11421,False
823269594223824897,2017-01-22 20:42:21,10,10,,8.222448165201551e+17,RT @dog_rates: We only rate dogs. Please don't send pics of men capturing low level clouds. Thank you... 11/10 https://t.co/rLi83ZyCL5,pupper,None,Samoyed,Pomeranian,0.193654,Arctic_fox,0.0716476,0,False,823269594223824897,English (US),11421,False
823269594223824897,2017-01-22 20:42:21,10,10,,8.222448165201551e+17,RT @dog_rates: We only rate dogs. Please don't send pics of men capturing low level clouds. Thank you... 11/10 https://t.co/rLi83ZyCL5,puppo,None,Samoyed,Pomeranian,0.193654,Arctic_fox,0.0716476,0,False,823269594223824897,English (US),11421,False
822647212903690241,2017-01-21 03:29:14,10,10,Paisley,8.224890570873897e+17,RT @dog_rates: This is Paisley. She really wanted to be president this time. Dreams officially crushed. 13/10 https://t.co/liJGwMp17E,doggo,None,Samoyed,malamute,0.252706,kuvasz,0.157028,0,False,822647212903690241,English (US),7390,False
822647212903690241,2017-01-21 03:29:14,10,10,Paisley,8.224890570873897e+17,RT @dog_rates: This is Paisley. She really wanted to be president this time. Dreams officially crushed. 13/10 https://t.co/liJGwMp17E,floofer,None,Samoyed,malamute,0.252706,kuvasz,0.157028,0,False,822647212903690241,English (US),7390,False
822647212903690241,2017-01-21 03:29:14,10,10,Paisley,8.224890570873897e+17,RT @dog_rates: This is Paisley. She really wanted to be president this time. Dreams officially crushed. 13/10 https://t.co/liJGwMp17E,pupper,None,Samoyed,malamute,0.252706,kuvasz,0.157028,0,False,822647212903690241,English (US),7390,False
822647212903690241,2017-01-21 03:29:14,10,10,Paisley,8.224890570873897e+17,RT @dog_rates: This is Paisley. She really wanted to be president this time. Dreams officially crushed. 13/10 https://t.co/liJGwMp17E,puppo,None,Samoyed,malamute,0.252706,kuvasz,0.157028,0,False,822647212903690241,English (US),7390,False
821813639212650496,2017-01-18 20:16:54,10,10,Hercules,7.806013036177326e+17,RT @dog_rates: Meet Hercules. He can have whatever he wants for the rest of eternity. 12/10 would snug passionately https://t.co/mH0IOyFdIG,doggo,None,Saint_Bernard,Cardigan,0.00304359,English_springer,0.00104955,0,False,821813639212650496,English (US),3839,False
821813639212650496,2017-01-18 20:16:54,10,10,Hercules,7.806013036177326e+17,RT @dog_rates: Meet Hercules. He can have whatever he wants for the rest of eternity. 12/10 would snug passionately https://t.co/mH0IOyFdIG,floofer,None,Saint_Bernard,Cardigan,0.00304359,English_springer,0.00104955,0,False,821813639212650496,English (US),3839,False
821813639212650496,2017-01-18 20:16:54,10,10,Hercules,7.806013036177326e+17,RT @dog_rates: Meet Hercules. He can have whatever he wants for the rest of eternity. 12/10 would snug passionately https://t.co/mH0IOyFdIG,pupper,None,Saint_Bernard,Cardigan,0.00304359,English_springer,0.00104955,0,False,821813639212650496,English (US),3839,False
821813639212650496,2017-01-18 20:16:54,10,10,Hercules,7.806013036177326e+17,RT @dog_rates: Meet Hercules. He can have whatever he wants for the rest of eternity. 12/10 would snug passionately https://t.co/mH0IOyFdIG,puppo,None,Saint_Bernard,Cardigan,0.00304359,English_springer,0.00104955,0,False,821813639212650496,English (US),3839,False
820446719150292993,2017-01-15 01:45:15,10,10,Peaches,8.001414224018309e+17,RT @dog_rates: This is Peaches. She's the ultimate selfie sidekick. Super sneaky tongue slip appreciated. 13/10 https://t.co/pbKOesr8Tg,doggo,None,golden_retriever,kuvasz,0.0251195,Labrador_retriever,0.0229773,0,False,820446719150292993,English (US),2980,False
820446719150292993,2017-01-15 01:45:15,10,10,Peaches,8.001414224018309e+17,RT @dog_rates: This is Peaches. She's the ultimate selfie sidekick. Super sneaky tongue slip appreciated. 13/10 https://t.co/pbKOesr8Tg,floofer,None,golden_retriever,kuvasz,0.0251195,Labrador_retriever,0.0229773,0,False,820446719150292993,English (US),2980,False
820446719150292993,2017-01-15 01:45:15,10,10,Peaches,8.001414224018309e+17,RT @dog_rates: This is Peaches. She's the ultimate selfie sidekick. Super sneaky tongue slip appreciated. 13/10 https://t.co/pbKOesr8Tg,pupper,None,golden_retriever,kuvasz,0.0251195,Labrador_retriever,0.0229773,0,False,820446719150292993,English (US),2980,False
820446719150292993,2017-01-15 01:45:15,10,10,Peaches,8.001414224018309e+17,RT @dog_rates: This is Peaches. She's the ultimate selfie sidekick. Super sneaky tongue slip appreciated. 13/10 https://t.co/pbKOesr8Tg,puppo,None,golden_retriever,kuvasz,0.0251195,Labrador_retriever,0.0229773,0,False,820446719150292993,English (US),2980,False
819015337530290176,2017-01-11 02:57:27,10,10,Bo,8.190048031079834e+17,RT @dog_rates: This is Bo. He was a very good First Doggo. 14/10 would be an absolute honor to pet https://t.co/AdPKrI8BZ1,doggo,doggo,standard_poodle,toy_poodle,0.271929,Tibetan_terrier,0.0947592,0,False,819015337530290176,English (US),42228,False
819015337530290176,2017-01-11 02:57:27,10,10,Bo,8.190048031079834e+17,RT @dog_rates: This is Bo. He was a very good First Doggo. 14/10 would be an absolute honor to pet https://t.co/AdPKrI8BZ1,floofer,None,standard_poodle,toy_poodle,0.271929,Tibetan_terrier,0.0947592,0,False,819015337530290176,English (US),42228,False
819015337530290176,2017-01-11 02:57:27,10,10,Bo,8.190048031079834e+17,RT @dog_rates: This is Bo. He was a very good First Doggo. 14/10 would be an absolute honor to pet https://t.co/AdPKrI8BZ1,pupper,None,standard_poodle,toy_poodle,0.271929,Tibetan_terrier,0.0947592,0,False,819015337530290176,English (US),42228,False
819015337530290176,2017-01-11 02:57:27,10,10,Bo,8.190048031079834e+17,RT @dog_rates: This is Bo. He was a very good First Doggo. 14/10 would be an absolute honor to pet https://t.co/AdPKrI8BZ1,puppo,None,standard_poodle,toy_poodle,0.271929,Tibetan_terrier,0.0947592,0,False,819015337530290176,English (US),42228,False
819015331746349057,2017-01-11 02:57:26,10,10,Sunny,8.19006400881918e+17,RT @dog_rates: This is Sunny. She was also a very good First Doggo. 14/10 would also be an absolute honor to pet https://t.co/YOC1fHFCSb,doggo,doggo,prison,palace,0.0200891,umbrella,0.00784954,0,False,819015331746349057,English (US),21794,False
819015331746349057,2017-01-11 02:57:26,10,10,Sunny,8.19006400881918e+17,RT @dog_rates: This is Sunny. She was also a very good First Doggo. 14/10 would also be an absolute honor to pet https://t.co/YOC1fHFCSb,floofer,None,prison,palace,0.0200891,umbrella,0.00784954,0,False,819015331746349057,English (US),21794,False
819015331746349057,2017-01-11 02:57:26,10,10,Sunny,8.19006400881918e+17,RT @dog_rates: This is Sunny. She was also a very good First Doggo. 14/10 would also be an absolute honor to pet https://t.co/YOC1fHFCSb,pupper,None,prison,palace,0.0200891,umbrella,0.00784954,0,False,819015331746349057,English (US),21794,False
819015331746349057,2017-01-11 02:57:26,10,10,Sunny,8.19006400881918e+17,RT @dog_rates: This is Sunny. She was also a very good First Doggo. 14/10 would also be an absolute honor to pet https://t.co/YOC1fHFCSb,puppo,None,prison,palace,0.0200891,umbrella,0.00784954,0,False,819015331746349057,English (US),21794,False
818588835076603904,2017-01-09 22:42:41,10,10,Chelsea,7.735475969965711e+17,RT @dog_rates: This is Chelsea. She forgot how to dog. 11/10 get it together pupper https://t.co/nBJ5RE4yHb,doggo,None,Norwegian_elkhound,Chesapeake_Bay_retriever,0.13718699999999998,malamute,0.07143619999999999,0,False,818588835076603904,English (US),7126,False
818588835076603904,2017-01-09 22:42:41,10,10,Chelsea,7.735475969965711e+17,RT @dog_rates: This is Chelsea. She forgot how to dog. 11/10 get it together pupper https://t.co/nBJ5RE4yHb,floofer,None,Norwegian_elkhound,Chesapeake_Bay_retriever,0.13718699999999998,malamute,0.07143619999999999,0,False,818588835076603904,English (US),7126,False
818588835076603904,2017-01-09 22:42:41,10,10,Chelsea,7.735475969965711e+17,RT @dog_rates: This is Chelsea. She forgot how to dog. 11/10 get it together pupper https://t.co/nBJ5RE4yHb,pupper,pupper,Norwegian_elkhound,Chesapeake_Bay_retriever,0.13718699999999998,malamute,0.07143619999999999,0,False,818588835076603904,English (US),7126,False
818588835076603904,2017-01-09 22:42:41,10,10,Chelsea,7.735475969965711e+17,RT @dog_rates: This is Chelsea. She forgot how to dog. 11/10 get it together pupper https://t.co/nBJ5RE4yHb,puppo,None,Norwegian_elkhound,Chesapeake_Bay_retriever,0.13718699999999998,malamute,0.07143619999999999,0,False,818588835076603904,English (US),7126,False
817181837579653120,2017-01-06 01:31:47,10,10,,8.159660734094336e+17,RT @dog_rates: Here's a pupper with squeaky hiccups. Please enjoy. 13/10 https://t.co/MiMKtsLN6k,doggo,None,Tibetan_mastiff,Tibetan_terrier,0.29569,otterhound,0.0362507,0,False,817181837579653120,English (US),9907,False
817181837579653120,2017-01-06 01:31:47,10,10,,8.159660734094336e+17,RT @dog_rates: Here's a pupper with squeaky hiccups. Please enjoy. 13/10 https://t.co/MiMKtsLN6k,floofer,None,Tibetan_mastiff,Tibetan_terrier,0.29569,otterhound,0.0362507,0,False,817181837579653120,English (US),9907,False
817181837579653120,2017-01-06 01:31:47,10,10,,8.159660734094336e+17,RT @dog_rates: Here's a pupper with squeaky hiccups. Please enjoy. 13/10 https://t.co/MiMKtsLN6k,pupper,pupper,Tibetan_mastiff,Tibetan_terrier,0.29569,otterhound,0.0362507,0,False,817181837579653120,English (US),9907,False
817181837579653120,2017-01-06 01:31:47,10,10,,8.159660734094336e+17,RT @dog_rates: Here's a pupper with squeaky hiccups. Please enjoy. 13/10 https://t.co/MiMKtsLN6k,puppo,None,Tibetan_mastiff,Tibetan_terrier,0.29569,otterhound,0.0362507,0,False,817181837579653120,English (US),9907,False
816829038950027264,2017-01-05 02:09:53,10,10,Betty,7.90946055508652e+17,RT @dog_rates: This is Betty. She's assisting with the dishes. Such a good puppo. 12/10 h*ckin helpful af https://t.co/dgvTPZ9tgI,doggo,None,dishwasher,golden_retriever,0.245773,chow,0.0390117,0,False,816829038950027264,English (US),5496,False
816829038950027264,2017-01-05 02:09:53,10,10,Betty,7.90946055508652e+17,RT @dog_rates: This is Betty. She's assisting with the dishes. Such a good puppo. 12/10 h*ckin helpful af https://t.co/dgvTPZ9tgI,floofer,None,dishwasher,golden_retriever,0.245773,chow,0.0390117,0,False,816829038950027264,English (US),5496,False
816829038950027264,2017-01-05 02:09:53,10,10,Betty,7.90946055508652e+17,RT @dog_rates: This is Betty. She's assisting with the dishes. Such a good puppo. 12/10 h*ckin helpful af https://t.co/dgvTPZ9tgI,pupper,None,dishwasher,golden_retriever,0.245773,chow,0.0390117,0,False,816829038950027264,English (US),5496,False
816829038950027264,2017-01-05 02:09:53,10,10,Betty,7.90946055508652e+17,RT @dog_rates: This is Betty. She's assisting with the dishes. Such a good puppo. 12/10 h*ckin helpful af https://t.co/dgvTPZ9tgI,puppo,puppo,dishwasher,golden_retriever,0.245773,chow,0.0390117,0,False,816829038950027264,English (US),5496,False
816014286006976512,2017-01-02 20:12:21,10,10,Larry,7.320056171713372e+17,RT @dog_rates: This is Larry. He has no self control. Tongue still nifty af tho 11/10 https://t.co/ghyT4Ubk1r,doggo,None,English_setter,Border_collie,0.052724,cocker_spaniel,0.0485719,0,False,816014286006976512,English (US),6154,False
816014286006976512,2017-01-02 20:12:21,10,10,Larry,7.320056171713372e+17,RT @dog_rates: This is Larry. He has no self control. Tongue still nifty af tho 11/10 https://t.co/ghyT4Ubk1r,floofer,None,English_setter,Border_collie,0.052724,cocker_spaniel,0.0485719,0,False,816014286006976512,English (US),6154,False
816014286006976512,2017-01-02 20:12:21,10,10,Larry,7.320056171713372e+17,RT @dog_rates: This is Larry. He has no self control. Tongue still nifty af tho 11/10 https://t.co/ghyT4Ubk1r,pupper,None,English_setter,Border_collie,0.052724,cocker_spaniel,0.0485719,0,False,816014286006976512,English (US),6154,False
816014286006976512,2017-01-02 20:12:21,10,10,Larry,7.320056171713372e+17,RT @dog_rates: This is Larry. He has no self control. Tongue still nifty af tho 11/10 https://t.co/ghyT4Ubk1r,puppo,None,English_setter,Border_collie,0.052724,cocker_spaniel,0.0485719,0,False,816014286006976512,English (US),6154,False
813944609378369540,2016-12-28 03:08:11,10,10,Bruce,7.902771173469757e+17,RT @dog_rates: This is Bruce. He never backs down from a challenge. 11/10 you got this Bruce https://t.co/aI7umZHIq7,doggo,None,Labrador_retriever,Great_Dane,0.190503,curly-coated_retriever,0.146427,0,False,813944609378369540,English (US),3732,False
813944609378369540,2016-12-28 03:08:11,10,10,Bruce,7.902771173469757e+17,RT @dog_rates: This is Bruce. He never backs down from a challenge. 11/10 you got this Bruce https://t.co/aI7umZHIq7,floofer,None,Labrador_retriever,Great_Dane,0.190503,curly-coated_retriever,0.146427,0,False,813944609378369540,English (US),3732,False
813944609378369540,2016-12-28 03:08:11,10,10,Bruce,7.902771173469757e+17,RT @dog_rates: This is Bruce. He never backs down from a challenge. 11/10 you got this Bruce https://t.co/aI7umZHIq7,pupper,None,Labrador_retriever,Great_Dane,0.190503,curly-coated_retriever,0.146427,0,False,813944609378369540,English (US),3732,False
813944609378369540,2016-12-28 03:08:11,10,10,Bruce,7.902771173469757e+17,RT @dog_rates: This is Bruce. He never backs down from a challenge. 11/10 you got this Bruce https://t.co/aI7umZHIq7,puppo,None,Labrador_retriever,Great_Dane,0.190503,curly-coated_retriever,0.146427,0,False,813944609378369540,English (US),3732,False
809808892968534016,2016-12-16 17:14:20,10,10,Maximus,7.93962221541933e+17,RT @dog_rates: This is Maximus. His face is stuck like that. Tragic really. Great tongue tho. 12/10 would pet firmly https://t.co/xIfrsMNLBR,doggo,None,Labrador_retriever,golden_retriever,0.0444618,Staffordshire_bullterrier,0.016496700000000003,0,False,809808892968534016,English (US),5711,False
809808892968534016,2016-12-16 17:14:20,10,10,Maximus,7.93962221541933e+17,RT @dog_rates: This is Maximus. His face is stuck like that. Tragic really. Great tongue tho. 12/10 would pet firmly https://t.co/xIfrsMNLBR,floofer,None,Labrador_retriever,golden_retriever,0.0444618,Staffordshire_bullterrier,0.016496700000000003,0,False,809808892968534016,English (US),5711,False
809808892968534016,2016-12-16 17:14:20,10,10,Maximus,7.93962221541933e+17,RT @dog_rates: This is Maximus. His face is stuck like that. Tragic really. Great tongue tho. 12/10 would pet firmly https://t.co/xIfrsMNLBR,pupper,None,Labrador_retriever,golden_retriever,0.0444618,Staffordshire_bullterrier,0.016496700000000003,0,False,809808892968534016,English (US),5711,False
809808892968534016,2016-12-16 17:14:20,10,10,Maximus,7.93962221541933e+17,RT @dog_rates: This is Maximus. His face is stuck like that. Tragic really. Great tongue tho. 12/10 would pet firmly https://t.co/xIfrsMNLBR,puppo,None,Labrador_retriever,golden_retriever,0.0444618,Staffordshire_bullterrier,0.016496700000000003,0,False,809808892968534016,English (US),5711,False
808134635716833280,2016-12-12 02:21:26,10,10,Milo,8.01167903437357e+17,RT @dog_rates: This is Milo. I would do terrible things for Milo. 13/10 https://t.co/R6wJyC2Tey,doggo,None,cocker_spaniel,Dandie_Dinmont,0.061604499999999986,English_setter,0.0413314,0,False,808134635716833280,English (US),6961,False
808134635716833280,2016-12-12 02:21:26,10,10,Milo,8.01167903437357e+17,RT @dog_rates: This is Milo. I would do terrible things for Milo. 13/10 https://t.co/R6wJyC2Tey,floofer,None,cocker_spaniel,Dandie_Dinmont,0.061604499999999986,English_setter,0.0413314,0,False,808134635716833280,English (US),6961,False
808134635716833280,2016-12-12 02:21:26,10,10,Milo,8.01167903437357e+17,RT @dog_rates: This is Milo. I would do terrible things for Milo. 13/10 https://t.co/R6wJyC2Tey,pupper,None,cocker_spaniel,Dandie_Dinmont,0.061604499999999986,English_setter,0.0413314,0,False,808134635716833280,English (US),6961,False
808134635716833280,2016-12-12 02:21:26,10,10,Milo,8.01167903437357e+17,RT @dog_rates: This is Milo. I would do terrible things for Milo. 13/10 https://t.co/R6wJyC2Tey,puppo,None,cocker_spaniel,Dandie_Dinmont,0.061604499999999986,English_setter,0.0413314,0,False,808134635716833280,English (US),6961,False
807059379405148160,2016-12-09 03:08:45,10,10,Cali,7.829691400091075e+17,RT @dog_rates: This is Cali. She arrived preassembled. Convenient af. 12/10 appears to be rather h*ckin pettable https://t.co/vOBV1ZqVcX,doggo,None,seat_belt,golden_retriever,0.17139300000000002,Labrador_retriever,0.110592,0,False,807059379405148160,English (US),8521,False
807059379405148160,2016-12-09 03:08:45,10,10,Cali,7.829691400091075e+17,RT @dog_rates: This is Cali. She arrived preassembled. Convenient af. 12/10 appears to be rather h*ckin pettable https://t.co/vOBV1ZqVcX,floofer,None,seat_belt,golden_retriever,0.17139300000000002,Labrador_retriever,0.110592,0,False,807059379405148160,English (US),8521,False
807059379405148160,2016-12-09 03:08:45,10,10,Cali,7.829691400091075e+17,RT @dog_rates: This is Cali. She arrived preassembled. Convenient af. 12/10 appears to be rather h*ckin pettable https://t.co/vOBV1ZqVcX,pupper,None,seat_belt,golden_retriever,0.17139300000000002,Labrador_retriever,0.110592,0,False,807059379405148160,English (US),8521,False
807059379405148160,2016-12-09 03:08:45,10,10,Cali,7.829691400091075e+17,RT @dog_rates: This is Cali. She arrived preassembled. Convenient af. 12/10 appears to be rather h*ckin pettable https://t.co/vOBV1ZqVcX,puppo,None,seat_belt,golden_retriever,0.17139300000000002,Labrador_retriever,0.110592,0,False,807059379405148160,English (US),8521,False
806242860592926720,2016-12-06 21:04:11,10,10,Dave,7.833346399853896e+17,RT @dog_rates: This is Dave. He's currently in a predicament. Doesn't seem to mind tho. 12/10 someone assist Dave https://t.co/nfprKAXqwu,doggo,None,Cardigan,Shetland_sheepdog,0.13061099999999998,Pembroke,0.100842,0,False,806242860592926720,English (US),13616,False
806242860592926720,2016-12-06 21:04:11,10,10,Dave,7.833346399853896e+17,RT @dog_rates: This is Dave. He's currently in a predicament. Doesn't seem to mind tho. 12/10 someone assist Dave https://t.co/nfprKAXqwu,floofer,None,Cardigan,Shetland_sheepdog,0.13061099999999998,Pembroke,0.100842,0,False,806242860592926720,English (US),13616,False
806242860592926720,2016-12-06 21:04:11,10,10,Dave,7.833346399853896e+17,RT @dog_rates: This is Dave. He's currently in a predicament. Doesn't seem to mind tho. 12/10 someone assist Dave https://t.co/nfprKAXqwu,pupper,None,Cardigan,Shetland_sheepdog,0.13061099999999998,Pembroke,0.100842,0,False,806242860592926720,English (US),13616,False
806242860592926720,2016-12-06 21:04:11,10,10,Dave,7.833346399853896e+17,RT @dog_rates: This is Dave. He's currently in a predicament. Doesn't seem to mind tho. 12/10 someone assist Dave https://t.co/nfprKAXqwu,puppo,None,Cardigan,Shetland_sheepdog,0.13061099999999998,Pembroke,0.100842,0,False,806242860592926720,English (US),13616,False
805958939288408065,2016-12-06 02:15:59,10,10,Penny,7.827225987907256e+17,"RT @dog_rates: This is Penny. She fought a bee and the bee won. 10/10 you're fine Penny, everything's fine https://t.co/zrMVdfFej6",doggo,None,Irish_setter,golden_retriever,0.339251,seat_belt,0.0461082,0,False,805958939288408065,English (US),6238,False
805958939288408065,2016-12-06 02:15:59,10,10,Penny,7.827225987907256e+17,"RT @dog_rates: This is Penny. She fought a bee and the bee won. 10/10 you're fine Penny, everything's fine https://t.co/zrMVdfFej6",floofer,None,Irish_setter,golden_retriever,0.339251,seat_belt,0.0461082,0,False,805958939288408065,English (US),6238,False
805958939288408065,2016-12-06 02:15:59,10,10,Penny,7.827225987907256e+17,"RT @dog_rates: This is Penny. She fought a bee and the bee won. 10/10 you're fine Penny, everything's fine https://t.co/zrMVdfFej6",pupper,None,Irish_setter,golden_retriever,0.339251,seat_belt,0.0461082,0,False,805958939288408065,English (US),6238,False
805958939288408065,2016-12-06 02:15:59,10,10,Penny,7.827225987907256e+17,"RT @dog_rates: This is Penny. She fought a bee and the bee won. 10/10 you're fine Penny, everything's fine https://t.co/zrMVdfFej6",puppo,None,Irish_setter,golden_retriever,0.339251,seat_belt,0.0461082,0,False,805958939288408065,English (US),6238,False
804413760345620481,2016-12-01 19:56:00,10,10,Rusty,7.848260202937098e+17,RT @dog_rates: This is Rusty. He's going D1 for sure. Insane vertical. 13/10 would draft https://t.co/AsykOwMrXQ,doggo,None,chow,binoculars,0.08349880000000001,Irish_setter,0.0774556,0,False,804413760345620481,English (US),3712,False
804413760345620481,2016-12-01 19:56:00,10,10,Rusty,7.848260202937098e+17,RT @dog_rates: This is Rusty. He's going D1 for sure. Insane vertical. 13/10 would draft https://t.co/AsykOwMrXQ,floofer,None,chow,binoculars,0.08349880000000001,Irish_setter,0.0774556,0,False,804413760345620481,English (US),3712,False
804413760345620481,2016-12-01 19:56:00,10,10,Rusty,7.848260202937098e+17,RT @dog_rates: This is Rusty. He's going D1 for sure. Insane vertical. 13/10 would draft https://t.co/AsykOwMrXQ,pupper,None,chow,binoculars,0.08349880000000001,Irish_setter,0.0774556,0,False,804413760345620481,English (US),3712,False
804413760345620481,2016-12-01 19:56:00,10,10,Rusty,7.848260202937098e+17,RT @dog_rates: This is Rusty. He's going D1 for sure. Insane vertical. 13/10 would draft https://t.co/AsykOwMrXQ,puppo,None,chow,binoculars,0.08349880000000001,Irish_setter,0.0774556,0,False,804413760345620481,English (US),3712,False
803692223237865472,2016-11-29 20:08:52,10,10,,6.914168664520827e+17,RT @dog_rates: I present to you... Dog Jesus. 13/10 (he could be sitting on a rock but I doubt it) https://t.co/fR1P3g5I6k,doggo,None,Lakeland_terrier,Irish_terrier,0.197314,Airedale,0.08251460000000001,0,False,803692223237865472,English (US),8689,False
803692223237865472,2016-11-29 20:08:52,10,10,,6.914168664520827e+17,RT @dog_rates: I present to you... Dog Jesus. 13/10 (he could be sitting on a rock but I doubt it) https://t.co/fR1P3g5I6k,floofer,None,Lakeland_terrier,Irish_terrier,0.197314,Airedale,0.08251460000000001,0,False,803692223237865472,English (US),8689,False
803692223237865472,2016-11-29 20:08:52,10,10,,6.914168664520827e+17,RT @dog_rates: I present to you... Dog Jesus. 13/10 (he could be sitting on a rock but I doubt it) https://t.co/fR1P3g5I6k,pupper,None,Lakeland_terrier,Irish_terrier,0.197314,Airedale,0.08251460000000001,0,False,803692223237865472,English (US),8689,False
803692223237865472,2016-11-29 20:08:52,10,10,,6.914168664520827e+17,RT @dog_rates: I present to you... Dog Jesus. 13/10 (he could be sitting on a rock but I doubt it) https://t.co/fR1P3g5I6k,puppo,None,Lakeland_terrier,Irish_terrier,0.197314,Airedale,0.08251460000000001,0,False,803692223237865472,English (US),8689,False
802624713319034886,2016-11-26 21:26:58,10,10,,7.776842335402066e+17,"RT @dog_rates: ""Yep... just as I suspected. You're not flossing."" 12/10 and 11/10 for the pup not flossing https://t.co/SuXcI9B7pQ",doggo,None,cocker_spaniel,golden_retriever,0.16285,otterhound,0.110921,0,False,802624713319034886,English (US),3403,False
802624713319034886,2016-11-26 21:26:58,10,10,,7.776842335402066e+17,"RT @dog_rates: ""Yep... just as I suspected. You're not flossing."" 12/10 and 11/10 for the pup not flossing https://t.co/SuXcI9B7pQ",floofer,None,cocker_spaniel,golden_retriever,0.16285,otterhound,0.110921,0,False,802624713319034886,English (US),3403,False
802624713319034886,2016-11-26 21:26:58,10,10,,7.776842335402066e+17,"RT @dog_rates: ""Yep... just as I suspected. You're not flossing."" 12/10 and 11/10 for the pup not flossing https://t.co/SuXcI9B7pQ",pupper,None,cocker_spaniel,golden_retriever,0.16285,otterhound,0.110921,0,False,802624713319034886,English (US),3403,False
802624713319034886,2016-11-26 21:26:58,10,10,,7.776842335402066e+17,"RT @dog_rates: ""Yep... just as I suspected. You're not flossing."" 12/10 and 11/10 for the pup not flossing https://t.co/SuXcI9B7pQ",puppo,None,cocker_spaniel,golden_retriever,0.16285,otterhound,0.110921,0,False,802624713319034886,English (US),3403,False
802247111496568832,2016-11-25 20:26:31,10,10,,7.790560957887529e+17,RT @dog_rates: Everybody drop what you're doing and look at this dog. 13/10 must be super h*ckin rare https://t.co/I1bJUzUEW5,doggo,None,Chihuahua,toy_terrier,0.112943,kelpie,0.0533645,0,False,802247111496568832,English (US),5247,False
802247111496568832,2016-11-25 20:26:31,10,10,,7.790560957887529e+17,RT @dog_rates: Everybody drop what you're doing and look at this dog. 13/10 must be super h*ckin rare https://t.co/I1bJUzUEW5,floofer,None,Chihuahua,toy_terrier,0.112943,kelpie,0.0533645,0,False,802247111496568832,English (US),5247,False
802247111496568832,2016-11-25 20:26:31,10,10,,7.790560957887529e+17,RT @dog_rates: Everybody drop what you're doing and look at this dog. 13/10 must be super h*ckin rare https://t.co/I1bJUzUEW5,pupper,None,Chihuahua,toy_terrier,0.112943,kelpie,0.0533645,0,False,802247111496568832,English (US),5247,False
802247111496568832,2016-11-25 20:26:31,10,10,,7.790560957887529e+17,RT @dog_rates: Everybody drop what you're doing and look at this dog. 13/10 must be super h*ckin rare https://t.co/I1bJUzUEW5,puppo,None,Chihuahua,toy_terrier,0.112943,kelpie,0.0533645,0,False,802247111496568832,English (US),5247,False
800443802682937345,2016-11-20 21:00:48,10,10,Sampson,7.761133056561889e+17,RT @dog_rates: This is Sampson. He's about to get hit with a vicious draw 2. Has no idea. 11/10 poor pupper https://t.co/FYT9QBEnKG,doggo,None,mousetrap,black_widow,0.0939402,paddlewheel,0.0174919,0,False,800443802682937345,English (US),5068,False
800443802682937345,2016-11-20 21:00:48,10,10,Sampson,7.761133056561889e+17,RT @dog_rates: This is Sampson. He's about to get hit with a vicious draw 2. Has no idea. 11/10 poor pupper https://t.co/FYT9QBEnKG,floofer,None,mousetrap,black_widow,0.0939402,paddlewheel,0.0174919,0,False,800443802682937345,English (US),5068,False
800443802682937345,2016-11-20 21:00:48,10,10,Sampson,7.761133056561889e+17,RT @dog_rates: This is Sampson. He's about to get hit with a vicious draw 2. Has no idea. 11/10 poor pupper https://t.co/FYT9QBEnKG,pupper,pupper,mousetrap,black_widow,0.0939402,paddlewheel,0.0174919,0,False,800443802682937345,English (US),5068,False
800443802682937345,2016-11-20 21:00:48,10,10,Sampson,7.761133056561889e+17,RT @dog_rates: This is Sampson. He's about to get hit with a vicious draw 2. Has no idea. 11/10 poor pupper https://t.co/FYT9QBEnKG,puppo,None,mousetrap,black_widow,0.0939402,paddlewheel,0.0174919,0,False,800443802682937345,English (US),5068,False
799774291445383169,2016-11-19 00:40:24,10,10,Tucker,7.750851326004429e+17,RT @dog_rates: This is Tucker. He would like a hug. 13/10 someone hug him https://t.co/wdgY9oHPrT,doggo,None,chow,golden_retriever,0.241929,Pomeranian,0.157524,0,False,799774291445383169,English (US),5488,False
799774291445383169,2016-11-19 00:40:24,10,10,Tucker,7.750851326004429e+17,RT @dog_rates: This is Tucker. He would like a hug. 13/10 someone hug him https://t.co/wdgY9oHPrT,floofer,None,chow,golden_retriever,0.241929,Pomeranian,0.157524,0,False,799774291445383169,English (US),5488,False
799774291445383169,2016-11-19 00:40:24,10,10,Tucker,7.750851326004429e+17,RT @dog_rates: This is Tucker. He would like a hug. 13/10 someone hug him https://t.co/wdgY9oHPrT,pupper,None,chow,golden_retriever,0.241929,Pomeranian,0.157524,0,False,799774291445383169,English (US),5488,False
799774291445383169,2016-11-19 00:40:24,10,10,Tucker,7.750851326004429e+17,RT @dog_rates: This is Tucker. He would like a hug. 13/10 someone hug him https://t.co/wdgY9oHPrT,puppo,None,chow,golden_retriever,0.241929,Pomeranian,0.157524,0,False,799774291445383169,English (US),5488,False
798697898615730177,2016-11-16 01:23:12,10,10,Stubert,7.128090259859784e+17,RT @dog_rates: This is Stubert. He just arrived. 10/10 https://t.co/HVGs5aAKAn,doggo,None,Labrador_retriever,carton,0.0950952,pug,0.00765137,0,False,798697898615730177,English (US),7602,False
798697898615730177,2016-11-16 01:23:12,10,10,Stubert,7.128090259859784e+17,RT @dog_rates: This is Stubert. He just arrived. 10/10 https://t.co/HVGs5aAKAn,floofer,None,Labrador_retriever,carton,0.0950952,pug,0.00765137,0,False,798697898615730177,English (US),7602,False
798697898615730177,2016-11-16 01:23:12,10,10,Stubert,7.128090259859784e+17,RT @dog_rates: This is Stubert. He just arrived. 10/10 https://t.co/HVGs5aAKAn,pupper,None,Labrador_retriever,carton,0.0950952,pug,0.00765137,0,False,798697898615730177,English (US),7602,False
798697898615730177,2016-11-16 01:23:12,10,10,Stubert,7.128090259859784e+17,RT @dog_rates: This is Stubert. He just arrived. 10/10 https://t.co/HVGs5aAKAn,puppo,None,Labrador_retriever,carton,0.0950952,pug,0.00765137,0,False,798697898615730177,English (US),7602,False
798694562394996736,2016-11-16 01:09:57,10,10,,7.012147008817562e+17,"RT @dog_rates: I'm not sure what's happening here, but it's pretty spectacular. 12/10 for both https://t.co/JKXh0NbBNL",doggo,None,Chihuahua,Pembroke,0.15950899999999998,basenji,0.08446569999999999,0,False,798694562394996736,English (US),5812,False
798694562394996736,2016-11-16 01:09:57,10,10,,7.012147008817562e+17,"RT @dog_rates: I'm not sure what's happening here, but it's pretty spectacular. 12/10 for both https://t.co/JKXh0NbBNL",floofer,None,Chihuahua,Pembroke,0.15950899999999998,basenji,0.08446569999999999,0,False,798694562394996736,English (US),5812,False
798694562394996736,2016-11-16 01:09:57,10,10,,7.012147008817562e+17,"RT @dog_rates: I'm not sure what's happening here, but it's pretty spectacular. 12/10 for both https://t.co/JKXh0NbBNL",pupper,None,Chihuahua,Pembroke,0.15950899999999998,basenji,0.08446569999999999,0,False,798694562394996736,English (US),5812,False
798694562394996736,2016-11-16 01:09:57,10,10,,7.012147008817562e+17,"RT @dog_rates: I'm not sure what's happening here, but it's pretty spectacular. 12/10 for both https://t.co/JKXh0NbBNL",puppo,None,Chihuahua,Pembroke,0.15950899999999998,basenji,0.08446569999999999,0,False,798694562394996736,English (US),5812,False
798673117451325440,2016-11-15 23:44:44,10,10,,6.755010759574897e+17,"RT @dog_rates: I shall call him squishy and he shall be mine, and he shall be my squishy. 13/10 https://t.co/WId5lxNdPH",doggo,None,dough,bakery,0.0279066,French_loaf,0.0181889,0,False,798673117451325440,English (US),6485,False
798673117451325440,2016-11-15 23:44:44,10,10,,6.755010759574897e+17,"RT @dog_rates: I shall call him squishy and he shall be mine, and he shall be my squishy. 13/10 https://t.co/WId5lxNdPH",floofer,None,dough,bakery,0.0279066,French_loaf,0.0181889,0,False,798673117451325440,English (US),6485,False
798673117451325440,2016-11-15 23:44:44,10,10,,6.755010759574897e+17,"RT @dog_rates: I shall call him squishy and he shall be mine, and he shall be my squishy. 13/10 https://t.co/WId5lxNdPH",pupper,None,dough,bakery,0.0279066,French_loaf,0.0181889,0,False,798673117451325440,English (US),6485,False
798673117451325440,2016-11-15 23:44:44,10,10,,6.755010759574897e+17,"RT @dog_rates: I shall call him squishy and he shall be mine, and he shall be my squishy. 13/10 https://t.co/WId5lxNdPH",puppo,None,dough,bakery,0.0279066,French_loaf,0.0181889,0,False,798673117451325440,English (US),6485,False
798665375516884993,2016-11-15 23:13:58,10,10,Lola,6.718968093007094e+17,RT @dog_rates: This is Lola. She fell asleep on a piece of pizza. 10/10 frighteningly relatable https://t.co/eqmkr2gmPH,doggo,None,chow,hamster,0.22715,Pomeranian,0.0560567,0,False,798665375516884993,English (US),4519,False
798665375516884993,2016-11-15 23:13:58,10,10,Lola,6.718968093007094e+17,RT @dog_rates: This is Lola. She fell asleep on a piece of pizza. 10/10 frighteningly relatable https://t.co/eqmkr2gmPH,floofer,None,chow,hamster,0.22715,Pomeranian,0.0560567,0,False,798665375516884993,English (US),4519,False
798665375516884993,2016-11-15 23:13:58,10,10,Lola,6.718968093007094e+17,RT @dog_rates: This is Lola. She fell asleep on a piece of pizza. 10/10 frighteningly relatable https://t.co/eqmkr2gmPH,pupper,None,chow,hamster,0.22715,Pomeranian,0.0560567,0,False,798665375516884993,English (US),4519,False
798665375516884993,2016-11-15 23:13:58,10,10,Lola,6.718968093007094e+17,RT @dog_rates: This is Lola. She fell asleep on a piece of pizza. 10/10 frighteningly relatable https://t.co/eqmkr2gmPH,puppo,None,chow,hamster,0.22715,Pomeranian,0.0560567,0,False,798665375516884993,English (US),4519,False
798644042770751489,2016-11-15 21:49:12,10,10,Paull,6.704449556561306e+17,RT @dog_rates: This is Paull. He just stubbed his toe. 10/10 deep breaths Paull https://t.co/J5Mqn8VeYq,doggo,None,English_springer,Brittany_spaniel,0.347609,Welsh_springer_spaniel,0.137186,0,False,798644042770751489,English (US),2153,False
798644042770751489,2016-11-15 21:49:12,10,10,Paull,6.704449556561306e+17,RT @dog_rates: This is Paull. He just stubbed his toe. 10/10 deep breaths Paull https://t.co/J5Mqn8VeYq,floofer,None,English_springer,Brittany_spaniel,0.347609,Welsh_springer_spaniel,0.137186,0,False,798644042770751489,English (US),2153,False
798644042770751489,2016-11-15 21:49:12,10,10,Paull,6.704449556561306e+17,RT @dog_rates: This is Paull. He just stubbed his toe. 10/10 deep breaths Paull https://t.co/J5Mqn8VeYq,pupper,None,English_springer,Brittany_spaniel,0.347609,Welsh_springer_spaniel,0.137186,0,False,798644042770751489,English (US),2153,False
798644042770751489,2016-11-15 21:49:12,10,10,Paull,6.704449556561306e+17,RT @dog_rates: This is Paull. He just stubbed his toe. 10/10 deep breaths Paull https://t.co/J5Mqn8VeYq,puppo,None,English_springer,Brittany_spaniel,0.347609,Welsh_springer_spaniel,0.137186,0,False,798644042770751489,English (US),2153,False
798628517273620480,2016-11-15 20:47:30,10,10,,6.67509364010451e+17,RT @dog_rates: This a Norwegian Pewterschmidt named Tickles. Ears for days. 12/10 I care deeply for Tickles https://t.co/0aDF62KVP7,doggo,None,beagle,Labrador_retriever,0.119256,golden_retriever,0.08254919999999999,0,False,798628517273620480,English (US),2272,False
798628517273620480,2016-11-15 20:47:30,10,10,,6.67509364010451e+17,RT @dog_rates: This a Norwegian Pewterschmidt named Tickles. Ears for days. 12/10 I care deeply for Tickles https://t.co/0aDF62KVP7,floofer,None,beagle,Labrador_retriever,0.119256,golden_retriever,0.08254919999999999,0,False,798628517273620480,English (US),2272,False
798628517273620480,2016-11-15 20:47:30,10,10,,6.67509364010451e+17,RT @dog_rates: This a Norwegian Pewterschmidt named Tickles. Ears for days. 12/10 I care deeply for Tickles https://t.co/0aDF62KVP7,pupper,None,beagle,Labrador_retriever,0.119256,golden_retriever,0.08254919999999999,0,False,798628517273620480,English (US),2272,False
798628517273620480,2016-11-15 20:47:30,10,10,,6.67509364010451e+17,RT @dog_rates: This a Norwegian Pewterschmidt named Tickles. Ears for days. 12/10 I care deeply for Tickles https://t.co/0aDF62KVP7,puppo,None,beagle,Labrador_retriever,0.119256,golden_retriever,0.08254919999999999,0,False,798628517273620480,English (US),2272,False
798340744599797760,2016-11-15 01:44:00,10,10,Davey,7.717704565170094e+17,RT @dog_rates: This is Davey. He'll have your daughter home by 8. Just a stand up pup. 11/10 would introduce to mom https://t.co/E6bGWf9EOm,doggo,None,papillon,collie,0.192031,Border_collie,0.121626,0,False,798340744599797760,English (US),3924,False
798340744599797760,2016-11-15 01:44:00,10,10,Davey,7.717704565170094e+17,RT @dog_rates: This is Davey. He'll have your daughter home by 8. Just a stand up pup. 11/10 would introduce to mom https://t.co/E6bGWf9EOm,floofer,None,papillon,collie,0.192031,Border_collie,0.121626,0,False,798340744599797760,English (US),3924,False
798340744599797760,2016-11-15 01:44:00,10,10,Davey,7.717704565170094e+17,RT @dog_rates: This is Davey. He'll have your daughter home by 8. Just a stand up pup. 11/10 would introduce to mom https://t.co/E6bGWf9EOm,pupper,None,papillon,collie,0.192031,Border_collie,0.121626,0,False,798340744599797760,English (US),3924,False
798340744599797760,2016-11-15 01:44:00,10,10,Davey,7.717704565170094e+17,RT @dog_rates: This is Davey. He'll have your daughter home by 8. Just a stand up pup. 11/10 would introduce to mom https://t.co/E6bGWf9EOm,puppo,None,papillon,collie,0.192031,Border_collie,0.121626,0,False,798340744599797760,English (US),3924,False
796177847564038144,2016-11-09 02:29:25,10,10,Ruby,7.961497490868756e+17,RT @dog_rates: This is Ruby. She just turned on the news. Officially terrified. 11/10 deep breaths Ruby https://t.co/y5KarNXWXt,doggo,None,golden_retriever,Labrador_retriever,0.140798,seat_belt,0.0873548,0,False,796177847564038144,English (US),16628,False
796177847564038144,2016-11-09 02:29:25,10,10,Ruby,7.961497490868756e+17,RT @dog_rates: This is Ruby. She just turned on the news. Officially terrified. 11/10 deep breaths Ruby https://t.co/y5KarNXWXt,floofer,None,golden_retriever,Labrador_retriever,0.140798,seat_belt,0.0873548,0,False,796177847564038144,English (US),16628,False
796177847564038144,2016-11-09 02:29:25,10,10,Ruby,7.961497490868756e+17,RT @dog_rates: This is Ruby. She just turned on the news. Officially terrified. 11/10 deep breaths Ruby https://t.co/y5KarNXWXt,pupper,None,golden_retriever,Labrador_retriever,0.140798,seat_belt,0.0873548,0,False,796177847564038144,English (US),16628,False
796177847564038144,2016-11-09 02:29:25,10,10,Ruby,7.961497490868756e+17,RT @dog_rates: This is Ruby. She just turned on the news. Officially terrified. 11/10 deep breaths Ruby https://t.co/y5KarNXWXt,puppo,None,golden_retriever,Labrador_retriever,0.140798,seat_belt,0.0873548,0,False,796177847564038144,English (US),16628,False
794983741416415232,2016-11-05 19:24:28,10,10,Rizzy,7.895308770133934e+17,RT @dog_rates: This is Rizzy. She smiles a lot. 12/10 contagious af https://t.co/TU4sZogVIq,doggo,None,schipperke,kelpie,0.197021,Norwegian_elkhound,0.151024,0,False,794983741416415232,English (US),3942,False
794983741416415232,2016-11-05 19:24:28,10,10,Rizzy,7.895308770133934e+17,RT @dog_rates: This is Rizzy. She smiles a lot. 12/10 contagious af https://t.co/TU4sZogVIq,floofer,None,schipperke,kelpie,0.197021,Norwegian_elkhound,0.151024,0,False,794983741416415232,English (US),3942,False
794983741416415232,2016-11-05 19:24:28,10,10,Rizzy,7.895308770133934e+17,RT @dog_rates: This is Rizzy. She smiles a lot. 12/10 contagious af https://t.co/TU4sZogVIq,pupper,None,schipperke,kelpie,0.197021,Norwegian_elkhound,0.151024,0,False,794983741416415232,English (US),3942,False
794983741416415232,2016-11-05 19:24:28,10,10,Rizzy,7.895308770133934e+17,RT @dog_rates: This is Rizzy. She smiles a lot. 12/10 contagious af https://t.co/TU4sZogVIq,puppo,None,schipperke,kelpie,0.197021,Norwegian_elkhound,0.151024,0,False,794983741416415232,English (US),3942,False
794355576146903043,2016-11-04 01:48:22,10,10,Butter,7.887659149929021e+17,RT @dog_rates: This is Butter. She can have whatever she wants forever. 12/10 would hug softly https://t.co/x5gXRS1abq,doggo,None,cocker_spaniel,golden_retriever,0.27273400000000003,jigsaw_puzzle,0.041475800000000014,0,False,794355576146903043,English (US),12014,False
794355576146903043,2016-11-04 01:48:22,10,10,Butter,7.887659149929021e+17,RT @dog_rates: This is Butter. She can have whatever she wants forever. 12/10 would hug softly https://t.co/x5gXRS1abq,floofer,None,cocker_spaniel,golden_retriever,0.27273400000000003,jigsaw_puzzle,0.041475800000000014,0,False,794355576146903043,English (US),12014,False
794355576146903043,2016-11-04 01:48:22,10,10,Butter,7.887659149929021e+17,RT @dog_rates: This is Butter. She can have whatever she wants forever. 12/10 would hug softly https://t.co/x5gXRS1abq,pupper,None,cocker_spaniel,golden_retriever,0.27273400000000003,jigsaw_puzzle,0.041475800000000014,0,False,794355576146903043,English (US),12014,False
794355576146903043,2016-11-04 01:48:22,10,10,Butter,7.887659149929021e+17,RT @dog_rates: This is Butter. She can have whatever she wants forever. 12/10 would hug softly https://t.co/x5gXRS1abq,puppo,None,cocker_spaniel,golden_retriever,0.27273400000000003,jigsaw_puzzle,0.041475800000000014,0,False,794355576146903043,English (US),12014,False
793614319594401792,2016-11-02 00:42:53,10,10,,7.916723228476375e+17,RT @dog_rates: When she says you're a good boy and you know you're a good boy because you're a good boy. 13/10 https://t.co/O5IUmRHRIh,doggo,None,golden_retriever,Labrador_retriever,0.219721,kuvasz,0.015965,0,False,793614319594401792,English (US),3661,False
793614319594401792,2016-11-02 00:42:53,10,10,,7.916723228476375e+17,RT @dog_rates: When she says you're a good boy and you know you're a good boy because you're a good boy. 13/10 https://t.co/O5IUmRHRIh,floofer,None,golden_retriever,Labrador_retriever,0.219721,kuvasz,0.015965,0,False,793614319594401792,English (US),3661,False
793614319594401792,2016-11-02 00:42:53,10,10,,7.916723228476375e+17,RT @dog_rates: When she says you're a good boy and you know you're a good boy because you're a good boy. 13/10 https://t.co/O5IUmRHRIh,pupper,None,golden_retriever,Labrador_retriever,0.219721,kuvasz,0.015965,0,False,793614319594401792,English (US),3661,False
793614319594401792,2016-11-02 00:42:53,10,10,,7.916723228476375e+17,RT @dog_rates: When she says you're a good boy and you know you're a good boy because you're a good boy. 13/10 https://t.co/O5IUmRHRIh,puppo,None,golden_retriever,Labrador_retriever,0.219721,kuvasz,0.015965,0,False,793614319594401792,English (US),3661,False
791026214425268224,2016-10-25 21:18:40,10,10,Alfie,7.638375655647805e+17,RT @dog_rates: This is Alfie. He's touching a butt. Couldn't be happier. 11/10 https://t.co/gx3xF5mZbo,doggo,None,malamute,jean,0.0693617,keeshond,0.0505276,0,False,791026214425268224,English (US),4858,False
791026214425268224,2016-10-25 21:18:40,10,10,Alfie,7.638375655647805e+17,RT @dog_rates: This is Alfie. He's touching a butt. Couldn't be happier. 11/10 https://t.co/gx3xF5mZbo,floofer,None,malamute,jean,0.0693617,keeshond,0.0505276,0,False,791026214425268224,English (US),4858,False
791026214425268224,2016-10-25 21:18:40,10,10,Alfie,7.638375655647805e+17,RT @dog_rates: This is Alfie. He's touching a butt. Couldn't be happier. 11/10 https://t.co/gx3xF5mZbo,pupper,None,malamute,jean,0.0693617,keeshond,0.0505276,0,False,791026214425268224,English (US),4858,False
791026214425268224,2016-10-25 21:18:40,10,10,Alfie,7.638375655647805e+17,RT @dog_rates: This is Alfie. He's touching a butt. Couldn't be happier. 11/10 https://t.co/gx3xF5mZbo,puppo,None,malamute,jean,0.0693617,keeshond,0.0505276,0,False,791026214425268224,English (US),4858,False
790723298204217344,2016-10-25 01:14:59,10,10,Happy,7.899864660510884e+17,RT @dog_rates: This is Happy. He's a bathtub reviewer. Seems to be pleased with this one. 12/10 https://t.co/Ln89R4FP7v,doggo,None,tub,bathtub,0.325106,golden_retriever,0.07853049999999999,0,False,790723298204217344,English (US),2704,False
790723298204217344,2016-10-25 01:14:59,10,10,Happy,7.899864660510884e+17,RT @dog_rates: This is Happy. He's a bathtub reviewer. Seems to be pleased with this one. 12/10 https://t.co/Ln89R4FP7v,floofer,None,tub,bathtub,0.325106,golden_retriever,0.07853049999999999,0,False,790723298204217344,English (US),2704,False
790723298204217344,2016-10-25 01:14:59,10,10,Happy,7.899864660510884e+17,RT @dog_rates: This is Happy. He's a bathtub reviewer. Seems to be pleased with this one. 12/10 https://t.co/Ln89R4FP7v,pupper,None,tub,bathtub,0.325106,golden_retriever,0.07853049999999999,0,False,790723298204217344,English (US),2704,False
790723298204217344,2016-10-25 01:14:59,10,10,Happy,7.899864660510884e+17,RT @dog_rates: This is Happy. He's a bathtub reviewer. Seems to be pleased with this one. 12/10 https://t.co/Ln89R4FP7v,puppo,None,tub,bathtub,0.325106,golden_retriever,0.07853049999999999,0,False,790723298204217344,English (US),2704,False
788070120937619456,2016-10-17 17:32:13,10,10,Bo,7.610045478505308e+17,RT @dog_rates: This is Bo and Ty. Bo eats paper and Ty felt left out. 11/10 for both https://t.co/1acHQS8rvK,doggo,None,golden_retriever,Sussex_spaniel,0.064897,Labrador_retriever,0.0477037,0,False,788070120937619456,English (US),3952,False
788070120937619456,2016-10-17 17:32:13,10,10,Bo,7.610045478505308e+17,RT @dog_rates: This is Bo and Ty. Bo eats paper and Ty felt left out. 11/10 for both https://t.co/1acHQS8rvK,floofer,None,golden_retriever,Sussex_spaniel,0.064897,Labrador_retriever,0.0477037,0,False,788070120937619456,English (US),3952,False
788070120937619456,2016-10-17 17:32:13,10,10,Bo,7.610045478505308e+17,RT @dog_rates: This is Bo and Ty. Bo eats paper and Ty felt left out. 11/10 for both https://t.co/1acHQS8rvK,pupper,None,golden_retriever,Sussex_spaniel,0.064897,Labrador_retriever,0.0477037,0,False,788070120937619456,English (US),3952,False
788070120937619456,2016-10-17 17:32:13,10,10,Bo,7.610045478505308e+17,RT @dog_rates: This is Bo and Ty. Bo eats paper and Ty felt left out. 11/10 for both https://t.co/1acHQS8rvK,puppo,None,golden_retriever,Sussex_spaniel,0.064897,Labrador_retriever,0.0477037,0,False,788070120937619456,English (US),3952,False
786036967502913536,2016-10-12 02:53:11,10,10,Scout,7.798343325968876e+17,RT @dog_rates: This is Scout. He really wants to kiss himself. H*ckin inappropriate. 11/10 narcissistic af https://t.co/x0gV2Ck3AD,doggo,None,golden_retriever,cocker_spaniel,0.00314271,Great_Pyrenees,0.000917414,0,False,786036967502913536,English (US),8237,False
786036967502913536,2016-10-12 02:53:11,10,10,Scout,7.798343325968876e+17,RT @dog_rates: This is Scout. He really wants to kiss himself. H*ckin inappropriate. 11/10 narcissistic af https://t.co/x0gV2Ck3AD,floofer,None,golden_retriever,cocker_spaniel,0.00314271,Great_Pyrenees,0.000917414,0,False,786036967502913536,English (US),8237,False
786036967502913536,2016-10-12 02:53:11,10,10,Scout,7.798343325968876e+17,RT @dog_rates: This is Scout. He really wants to kiss himself. H*ckin inappropriate. 11/10 narcissistic af https://t.co/x0gV2Ck3AD,pupper,None,golden_retriever,cocker_spaniel,0.00314271,Great_Pyrenees,0.000917414,0,False,786036967502913536,English (US),8237,False
786036967502913536,2016-10-12 02:53:11,10,10,Scout,7.798343325968876e+17,RT @dog_rates: This is Scout. He really wants to kiss himself. H*ckin inappropriate. 11/10 narcissistic af https://t.co/x0gV2Ck3AD,puppo,None,golden_retriever,cocker_spaniel,0.00314271,Great_Pyrenees,0.000917414,0,False,786036967502913536,English (US),8237,False
783347506784731136,2016-10-04 16:46:14,10,10,Kenny,6.742918370630533e+17,RT @dog_rates: This is Kenny. He just wants to be included in the happenings. 11/10 https://t.co/2S6oye3XqK,doggo,None,Cardigan,Pembroke,0.368566,Chihuahua,0.00332957,0,False,783347506784731136,English (US),6533,False
783347506784731136,2016-10-04 16:46:14,10,10,Kenny,6.742918370630533e+17,RT @dog_rates: This is Kenny. He just wants to be included in the happenings. 11/10 https://t.co/2S6oye3XqK,floofer,None,Cardigan,Pembroke,0.368566,Chihuahua,0.00332957,0,False,783347506784731136,English (US),6533,False
783347506784731136,2016-10-04 16:46:14,10,10,Kenny,6.742918370630533e+17,RT @dog_rates: This is Kenny. He just wants to be included in the happenings. 11/10 https://t.co/2S6oye3XqK,pupper,None,Cardigan,Pembroke,0.368566,Chihuahua,0.00332957,0,False,783347506784731136,English (US),6533,False
783347506784731136,2016-10-04 16:46:14,10,10,Kenny,6.742918370630533e+17,RT @dog_rates: This is Kenny. He just wants to be included in the happenings. 11/10 https://t.co/2S6oye3XqK,puppo,None,Cardigan,Pembroke,0.368566,Chihuahua,0.00332957,0,False,783347506784731136,English (US),6533,False
782021823840026624,2016-10-01 00:58:26,10,10,Harper,7.076109487234785e+17,RT @dog_rates: This is Harper. She scraped her elbow attempting a backflip off a tree. Valiant effort tho. 12/10 https://t.co/oHKJHghrp5,doggo,None,golden_retriever,cocker_spaniel,0.16593,Chesapeake_Bay_retriever,0.118199,0,False,782021823840026624,English (US),7236,False
782021823840026624,2016-10-01 00:58:26,10,10,Harper,7.076109487234785e+17,RT @dog_rates: This is Harper. She scraped her elbow attempting a backflip off a tree. Valiant effort tho. 12/10 https://t.co/oHKJHghrp5,floofer,None,golden_retriever,cocker_spaniel,0.16593,Chesapeake_Bay_retriever,0.118199,0,False,782021823840026624,English (US),7236,False
782021823840026624,2016-10-01 00:58:26,10,10,Harper,7.076109487234785e+17,RT @dog_rates: This is Harper. She scraped her elbow attempting a backflip off a tree. Valiant effort tho. 12/10 https://t.co/oHKJHghrp5,pupper,None,golden_retriever,cocker_spaniel,0.16593,Chesapeake_Bay_retriever,0.118199,0,False,782021823840026624,English (US),7236,False
782021823840026624,2016-10-01 00:58:26,10,10,Harper,7.076109487234785e+17,RT @dog_rates: This is Harper. She scraped her elbow attempting a backflip off a tree. Valiant effort tho. 12/10 https://t.co/oHKJHghrp5,puppo,None,golden_retriever,cocker_spaniel,0.16593,Chesapeake_Bay_retriever,0.118199,0,False,782021823840026624,English (US),7236,False
780496263422808064,2016-09-26 19:56:24,10,10,Bell,7.424231704734638e+17,RT @dog_rates: This is Bell. She likes holding hands. 12/10 would definitely pet with other hand https://t.co/BXIuvkQO9b,doggo,None,pug,Brabancon_griffon,0.00118563,French_bulldog,0.000427989,0,False,780496263422808064,English (US),4319,False
780496263422808064,2016-09-26 19:56:24,10,10,Bell,7.424231704734638e+17,RT @dog_rates: This is Bell. She likes holding hands. 12/10 would definitely pet with other hand https://t.co/BXIuvkQO9b,floofer,None,pug,Brabancon_griffon,0.00118563,French_bulldog,0.000427989,0,False,780496263422808064,English (US),4319,False
780496263422808064,2016-09-26 19:56:24,10,10,Bell,7.424231704734638e+17,RT @dog_rates: This is Bell. She likes holding hands. 12/10 would definitely pet with other hand https://t.co/BXIuvkQO9b,pupper,None,pug,Brabancon_griffon,0.00118563,French_bulldog,0.000427989,0,False,780496263422808064,English (US),4319,False
780496263422808064,2016-09-26 19:56:24,10,10,Bell,7.424231704734638e+17,RT @dog_rates: This is Bell. She likes holding hands. 12/10 would definitely pet with other hand https://t.co/BXIuvkQO9b,puppo,None,pug,Brabancon_griffon,0.00118563,French_bulldog,0.000427989,0,False,780496263422808064,English (US),4319,False
780476555013349377,2016-09-26 18:38:05,10,10,,7.804657092979958e+17,"RT @Patreon: Well. @dog_rates is on Patreon. 

12/10. 

https://t.co/rnKvzt6RJs https://t.co/v4e2ywe8iO",doggo,None,pug,French_bulldog,0.0323503,bull_mastiff,0.028467900000000008,0,False,780476555013349377,English (US),136,False
780476555013349377,2016-09-26 18:38:05,10,10,,7.804657092979958e+17,"RT @Patreon: Well. @dog_rates is on Patreon. 

12/10. 

https://t.co/rnKvzt6RJs https://t.co/v4e2ywe8iO",floofer,None,pug,French_bulldog,0.0323503,bull_mastiff,0.028467900000000008,0,False,780476555013349377,English (US),136,False
780476555013349377,2016-09-26 18:38:05,10,10,,7.804657092979958e+17,"RT @Patreon: Well. @dog_rates is on Patreon. 

12/10. 

https://t.co/rnKvzt6RJs https://t.co/v4e2ywe8iO",pupper,None,pug,French_bulldog,0.0323503,bull_mastiff,0.028467900000000008,0,False,780476555013349377,English (US),136,False
780476555013349377,2016-09-26 18:38:05,10,10,,7.804657092979958e+17,"RT @Patreon: Well. @dog_rates is on Patreon. 

12/10. 

https://t.co/rnKvzt6RJs https://t.co/v4e2ywe8iO",puppo,None,pug,French_bulldog,0.0323503,bull_mastiff,0.028467900000000008,0,False,780476555013349377,English (US),136,False
778396591732486144,2016-09-21 00:53:04,10,10,an,7.030419496500347e+17,RT @dog_rates: This is an East African Chalupa Seal. We only rate dogs. Please only send in dogs. Thank you... 10/10 https://t.co/iHe6liLwWR,doggo,None,hippopotamus,doormat,0.152445,sea_lion,0.0263643,0,False,778396591732486144,English (US),14198,False
778396591732486144,2016-09-21 00:53:04,10,10,an,7.030419496500347e+17,RT @dog_rates: This is an East African Chalupa Seal. We only rate dogs. Please only send in dogs. Thank you... 10/10 https://t.co/iHe6liLwWR,floofer,None,hippopotamus,doormat,0.152445,sea_lion,0.0263643,0,False,778396591732486144,English (US),14198,False
778396591732486144,2016-09-21 00:53:04,10,10,an,7.030419496500347e+17,RT @dog_rates: This is an East African Chalupa Seal. We only rate dogs. Please only send in dogs. Thank you... 10/10 https://t.co/iHe6liLwWR,pupper,None,hippopotamus,doormat,0.152445,sea_lion,0.0263643,0,False,778396591732486144,English (US),14198,False
778396591732486144,2016-09-21 00:53:04,10,10,an,7.030419496500347e+17,RT @dog_rates: This is an East African Chalupa Seal. We only rate dogs. Please only send in dogs. Thank you... 10/10 https://t.co/iHe6liLwWR,puppo,None,hippopotamus,doormat,0.152445,sea_lion,0.0263643,0,False,778396591732486144,English (US),14198,False
777641927919427584,2016-09-18 22:54:18,10,10,Arnie,7.50429297815552e+17,RT @dog_rates: This is Arnie. He's a Nova Scotian Fridge Floof. Rare af. 12/10 https://t.co/lprdOylVpS,doggo,None,golden_retriever,Labrador_retriever,0.0115837,refrigerator,0.00749862,0,False,777641927919427584,English (US),4947,False
777641927919427584,2016-09-18 22:54:18,10,10,Arnie,7.50429297815552e+17,RT @dog_rates: This is Arnie. He's a Nova Scotian Fridge Floof. Rare af. 12/10 https://t.co/lprdOylVpS,floofer,None,golden_retriever,Labrador_retriever,0.0115837,refrigerator,0.00749862,0,False,777641927919427584,English (US),4947,False
777641927919427584,2016-09-18 22:54:18,10,10,Arnie,7.50429297815552e+17,RT @dog_rates: This is Arnie. He's a Nova Scotian Fridge Floof. Rare af. 12/10 https://t.co/lprdOylVpS,pupper,None,golden_retriever,Labrador_retriever,0.0115837,refrigerator,0.00749862,0,False,777641927919427584,English (US),4947,False
777641927919427584,2016-09-18 22:54:18,10,10,Arnie,7.50429297815552e+17,RT @dog_rates: This is Arnie. He's a Nova Scotian Fridge Floof. Rare af. 12/10 https://t.co/lprdOylVpS,puppo,None,golden_retriever,Labrador_retriever,0.0115837,refrigerator,0.00749862,0,False,777641927919427584,English (US),4947,False
776819012571455488,2016-09-16 16:24:19,10,10,,6.798284471878574e+17,RT @dog_rates: Everybody look at this beautiful pupper 13/10 https://t.co/hyAC5Hq9GC,doggo,None,Chihuahua,dalmatian,0.166246,toy_terrier,0.117502,0,False,776819012571455488,English (US),15839,False
776819012571455488,2016-09-16 16:24:19,10,10,,6.798284471878574e+17,RT @dog_rates: Everybody look at this beautiful pupper 13/10 https://t.co/hyAC5Hq9GC,floofer,None,Chihuahua,dalmatian,0.166246,toy_terrier,0.117502,0,False,776819012571455488,English (US),15839,False
776819012571455488,2016-09-16 16:24:19,10,10,,6.798284471878574e+17,RT @dog_rates: Everybody look at this beautiful pupper 13/10 https://t.co/hyAC5Hq9GC,pupper,pupper,Chihuahua,dalmatian,0.166246,toy_terrier,0.117502,0,False,776819012571455488,English (US),15839,False
776819012571455488,2016-09-16 16:24:19,10,10,,6.798284471878574e+17,RT @dog_rates: Everybody look at this beautiful pupper 13/10 https://t.co/hyAC5Hq9GC,puppo,None,Chihuahua,dalmatian,0.166246,toy_terrier,0.117502,0,False,776819012571455488,English (US),15839,False
775898661951791106,2016-09-14 03:27:11,10,10,,7.33109485275861e+17,"RT @dog_rates: Like father (doggo), like son (pupper). Both 12/10 https://t.co/pG2inLaOda",doggo,doggo,golden_retriever,Labrador_retriever,0.0423191,doormat,0.00395626,0,False,775898661951791106,English (US),17621,False
775898661951791106,2016-09-14 03:27:11,10,10,,7.33109485275861e+17,"RT @dog_rates: Like father (doggo), like son (pupper). Both 12/10 https://t.co/pG2inLaOda",floofer,None,golden_retriever,Labrador_retriever,0.0423191,doormat,0.00395626,0,False,775898661951791106,English (US),17621,False
775898661951791106,2016-09-14 03:27:11,10,10,,7.33109485275861e+17,"RT @dog_rates: Like father (doggo), like son (pupper). Both 12/10 https://t.co/pG2inLaOda",pupper,pupper,golden_retriever,Labrador_retriever,0.0423191,doormat,0.00395626,0,False,775898661951791106,English (US),17621,False
775898661951791106,2016-09-14 03:27:11,10,10,,7.33109485275861e+17,"RT @dog_rates: Like father (doggo), like son (pupper). Both 12/10 https://t.co/pG2inLaOda",puppo,None,golden_retriever,Labrador_retriever,0.0423191,doormat,0.00395626,0,False,775898661951791106,English (US),17621,False
772615324260794368,2016-09-05 02:00:22,10,10,Gromit,7.652220986336911e+17,RT @dog_rates: This is Gromit. He's pupset because there's no need to beware of him. Just wants a pettin. 10/10 https://t.co/eSvz4EapHH,doggo,None,dalmatian,whippet,0.151047,American_Staffordshire_terrier,0.0964355,0,False,772615324260794368,English (US),3914,False
772615324260794368,2016-09-05 02:00:22,10,10,Gromit,7.652220986336911e+17,RT @dog_rates: This is Gromit. He's pupset because there's no need to beware of him. Just wants a pettin. 10/10 https://t.co/eSvz4EapHH,floofer,None,dalmatian,whippet,0.151047,American_Staffordshire_terrier,0.0964355,0,False,772615324260794368,English (US),3914,False
772615324260794368,2016-09-05 02:00:22,10,10,Gromit,7.652220986336911e+17,RT @dog_rates: This is Gromit. He's pupset because there's no need to beware of him. Just wants a pettin. 10/10 https://t.co/eSvz4EapHH,pupper,None,dalmatian,whippet,0.151047,American_Staffordshire_terrier,0.0964355,0,False,772615324260794368,English (US),3914,False
772615324260794368,2016-09-05 02:00:22,10,10,Gromit,7.652220986336911e+17,RT @dog_rates: This is Gromit. He's pupset because there's no need to beware of him. Just wants a pettin. 10/10 https://t.co/eSvz4EapHH,puppo,None,dalmatian,whippet,0.151047,American_Staffordshire_terrier,0.0964355,0,False,772615324260794368,English (US),3914,False
771171053431250945,2016-09-01 02:21:21,10,10,Frankie,6.733201328113664e+17,RT @dog_rates: This is Frankie. He's wearing blush. 11/10 really accents the cheek bones https://t.co/iJABMhVidf,doggo,None,Samoyed,Pomeranian,0.012763,Eskimo_dog,0.00185305,0,False,771171053431250945,English (US),8705,False
771171053431250945,2016-09-01 02:21:21,10,10,Frankie,6.733201328113664e+17,RT @dog_rates: This is Frankie. He's wearing blush. 11/10 really accents the cheek bones https://t.co/iJABMhVidf,floofer,None,Samoyed,Pomeranian,0.012763,Eskimo_dog,0.00185305,0,False,771171053431250945,English (US),8705,False
771171053431250945,2016-09-01 02:21:21,10,10,Frankie,6.733201328113664e+17,RT @dog_rates: This is Frankie. He's wearing blush. 11/10 really accents the cheek bones https://t.co/iJABMhVidf,pupper,None,Samoyed,Pomeranian,0.012763,Eskimo_dog,0.00185305,0,False,771171053431250945,English (US),8705,False
771171053431250945,2016-09-01 02:21:21,10,10,Frankie,6.733201328113664e+17,RT @dog_rates: This is Frankie. He's wearing blush. 11/10 really accents the cheek bones https://t.co/iJABMhVidf,puppo,None,Samoyed,Pomeranian,0.012763,Eskimo_dog,0.00185305,0,False,771171053431250945,English (US),8705,False
770093767776997377,2016-08-29 03:00:36,10,10,just,7.410673068187976e+17,RT @dog_rates: This is just downright precious af. 12/10 for both pupper and doggo https://t.co/o5J479bZUC,doggo,doggo,golden_retriever,Labrador_retriever,0.0529559,kelpie,0.0357111,0,False,770093767776997377,English (US),3520,False
770093767776997377,2016-08-29 03:00:36,10,10,just,7.410673068187976e+17,RT @dog_rates: This is just downright precious af. 12/10 for both pupper and doggo https://t.co/o5J479bZUC,floofer,None,golden_retriever,Labrador_retriever,0.0529559,kelpie,0.0357111,0,False,770093767776997377,English (US),3520,False
770093767776997377,2016-08-29 03:00:36,10,10,just,7.410673068187976e+17,RT @dog_rates: This is just downright precious af. 12/10 for both pupper and doggo https://t.co/o5J479bZUC,pupper,pupper,golden_retriever,Labrador_retriever,0.0529559,kelpie,0.0357111,0,False,770093767776997377,English (US),3520,False
770093767776997377,2016-08-29 03:00:36,10,10,just,7.410673068187976e+17,RT @dog_rates: This is just downright precious af. 12/10 for both pupper and doggo https://t.co/o5J479bZUC,puppo,None,golden_retriever,Labrador_retriever,0.0529559,kelpie,0.0357111,0,False,770093767776997377,English (US),3520,False
766078092750233600,2016-08-18 01:03:45,10,10,Colby,7.258422890467492e+17,RT @dog_rates: This is Colby. He's currently regretting all those times he shook your hand for an extra treat. 12/10 https://t.co/vtVHtKFtBH,doggo,None,toy_poodle,miniature_poodle,0.13264,Chesapeake_Bay_retriever,0.121523,0,False,766078092750233600,English (US),2970,False
766078092750233600,2016-08-18 01:03:45,10,10,Colby,7.258422890467492e+17,RT @dog_rates: This is Colby. He's currently regretting all those times he shook your hand for an extra treat. 12/10 https://t.co/vtVHtKFtBH,floofer,None,toy_poodle,miniature_poodle,0.13264,Chesapeake_Bay_retriever,0.121523,0,False,766078092750233600,English (US),2970,False
766078092750233600,2016-08-18 01:03:45,10,10,Colby,7.258422890467492e+17,RT @dog_rates: This is Colby. He's currently regretting all those times he shook your hand for an extra treat. 12/10 https://t.co/vtVHtKFtBH,pupper,None,toy_poodle,miniature_poodle,0.13264,Chesapeake_Bay_retriever,0.121523,0,False,766078092750233600,English (US),2970,False
766078092750233600,2016-08-18 01:03:45,10,10,Colby,7.258422890467492e+17,RT @dog_rates: This is Colby. He's currently regretting all those times he shook your hand for an extra treat. 12/10 https://t.co/vtVHtKFtBH,puppo,None,toy_poodle,miniature_poodle,0.13264,Chesapeake_Bay_retriever,0.121523,0,False,766078092750233600,English (US),2970,False
761750502866649088,2016-08-06 02:27:27,10,10,,6.853251128501248e+17,"RT @dog_rates: ""Tristan do not speak to me with that kind of tone or I will take away the Xbox."" 10/10 https://t.co/VGPH0TfESw",doggo,None,golden_retriever,Labrador_retriever,0.39826,kuvasz,0.00540969,0,False,761750502866649088,English (US),4535,False
761750502866649088,2016-08-06 02:27:27,10,10,,6.853251128501248e+17,"RT @dog_rates: ""Tristan do not speak to me with that kind of tone or I will take away the Xbox."" 10/10 https://t.co/VGPH0TfESw",floofer,None,golden_retriever,Labrador_retriever,0.39826,kuvasz,0.00540969,0,False,761750502866649088,English (US),4535,False
761750502866649088,2016-08-06 02:27:27,10,10,,6.853251128501248e+17,"RT @dog_rates: ""Tristan do not speak to me with that kind of tone or I will take away the Xbox."" 10/10 https://t.co/VGPH0TfESw",pupper,None,golden_retriever,Labrador_retriever,0.39826,kuvasz,0.00540969,0,False,761750502866649088,English (US),4535,False
761750502866649088,2016-08-06 02:27:27,10,10,,6.853251128501248e+17,"RT @dog_rates: ""Tristan do not speak to me with that kind of tone or I will take away the Xbox."" 10/10 https://t.co/VGPH0TfESw",puppo,None,golden_retriever,Labrador_retriever,0.39826,kuvasz,0.00540969,0,False,761750502866649088,English (US),4535,False
761371037149827077,2016-08-05 01:19:35,10,10,,7.116947884295537e+17,RT @dog_rates: Oh. My. God. 13/10 magical af https://t.co/Ezu6jQrKAZ,doggo,None,brown_bear,Indian_elephant,0.172844,water_buffalo,0.0389022,0,False,761371037149827077,English (US),20500,False
761371037149827077,2016-08-05 01:19:35,10,10,,7.116947884295537e+17,RT @dog_rates: Oh. My. God. 13/10 magical af https://t.co/Ezu6jQrKAZ,floofer,None,brown_bear,Indian_elephant,0.172844,water_buffalo,0.0389022,0,False,761371037149827077,English (US),20500,False
761371037149827077,2016-08-05 01:19:35,10,10,,7.116947884295537e+17,RT @dog_rates: Oh. My. God. 13/10 magical af https://t.co/Ezu6jQrKAZ,pupper,None,brown_bear,Indian_elephant,0.172844,water_buffalo,0.0389022,0,False,761371037149827077,English (US),20500,False
761371037149827077,2016-08-05 01:19:35,10,10,,7.116947884295537e+17,RT @dog_rates: Oh. My. God. 13/10 magical af https://t.co/Ezu6jQrKAZ,puppo,None,brown_bear,Indian_elephant,0.172844,water_buffalo,0.0389022,0,False,761371037149827077,English (US),20500,False
759566828574212096,2016-07-31 01:50:18,10,10,,7.395440793195889e+17,RT @dog_rates: This... is a Tyrannosaurus rex. We only rate dogs. Please only send in dogs. Thank you ...10/10 https://t.co/zxw8d5g94P,doggo,None,Labrador_retriever,golden_retriever,0.0166414,ice_bear,0.0148576,0,False,759566828574212096,English (US),24319,False
759566828574212096,2016-07-31 01:50:18,10,10,,7.395440793195889e+17,RT @dog_rates: This... is a Tyrannosaurus rex. We only rate dogs. Please only send in dogs. Thank you ...10/10 https://t.co/zxw8d5g94P,floofer,None,Labrador_retriever,golden_retriever,0.0166414,ice_bear,0.0148576,0,False,759566828574212096,English (US),24319,False
759566828574212096,2016-07-31 01:50:18,10,10,,7.395440793195889e+17,RT @dog_rates: This... is a Tyrannosaurus rex. We only rate dogs. Please only send in dogs. Thank you ...10/10 https://t.co/zxw8d5g94P,pupper,None,Labrador_retriever,golden_retriever,0.0166414,ice_bear,0.0148576,0,False,759566828574212096,English (US),24319,False
759566828574212096,2016-07-31 01:50:18,10,10,,7.395440793195889e+17,RT @dog_rates: This... is a Tyrannosaurus rex. We only rate dogs. Please only send in dogs. Thank you ...10/10 https://t.co/zxw8d5g94P,puppo,None,Labrador_retriever,golden_retriever,0.0166414,ice_bear,0.0148576,0,False,759566828574212096,English (US),24319,False
759159934323924993,2016-07-29 22:53:27,10,10,,6.703191306214359e+17,"RT @dog_rates: AT DAWN...
WE RIDE

11/10 https://t.co/QnfO7HEQGA",doggo,None,Irish_terrier,briard,0.227716,soft-coated_wheaten_terrier,0.223263,0,False,759159934323924993,English (US),1359,False
759159934323924993,2016-07-29 22:53:27,10,10,,6.703191306214359e+17,"RT @dog_rates: AT DAWN...
WE RIDE

11/10 https://t.co/QnfO7HEQGA",floofer,None,Irish_terrier,briard,0.227716,soft-coated_wheaten_terrier,0.223263,0,False,759159934323924993,English (US),1359,False
759159934323924993,2016-07-29 22:53:27,10,10,,6.703191306214359e+17,"RT @dog_rates: AT DAWN...
WE RIDE

11/10 https://t.co/QnfO7HEQGA",pupper,None,Irish_terrier,briard,0.227716,soft-coated_wheaten_terrier,0.223263,0,False,759159934323924993,English (US),1359,False
759159934323924993,2016-07-29 22:53:27,10,10,,6.703191306214359e+17,"RT @dog_rates: AT DAWN...
WE RIDE

11/10 https://t.co/QnfO7HEQGA",puppo,None,Irish_terrier,briard,0.227716,soft-coated_wheaten_terrier,0.223263,0,False,759159934323924993,English (US),1359,False
757729163776290825,2016-07-26 00:08:05,10,10,Chompsky,6.790626142704681e+17,RT @dog_rates: This is Chompsky. He lives up to his name. 11/10 https://t.co/Xl37lQEWd0,doggo,None,cash_machine,schipperke,0.0455186,German_shepherd,0.0233535,0,False,757729163776290825,English (US),9299,False
757729163776290825,2016-07-26 00:08:05,10,10,Chompsky,6.790626142704681e+17,RT @dog_rates: This is Chompsky. He lives up to his name. 11/10 https://t.co/Xl37lQEWd0,floofer,None,cash_machine,schipperke,0.0455186,German_shepherd,0.0233535,0,False,757729163776290825,English (US),9299,False
757729163776290825,2016-07-26 00:08:05,10,10,Chompsky,6.790626142704681e+17,RT @dog_rates: This is Chompsky. He lives up to his name. 11/10 https://t.co/Xl37lQEWd0,pupper,None,cash_machine,schipperke,0.0455186,German_shepherd,0.0233535,0,False,757729163776290825,English (US),9299,False
757729163776290825,2016-07-26 00:08:05,10,10,Chompsky,6.790626142704681e+17,RT @dog_rates: This is Chompsky. He lives up to his name. 11/10 https://t.co/Xl37lQEWd0,puppo,None,cash_machine,schipperke,0.0455186,German_shepherd,0.0233535,0,False,757729163776290825,English (US),9299,False
757597904299253760,2016-07-25 15:26:30,10,10,,7.575971410995487e+17,RT @jon_hill987: @dog_rates There is a cunningly disguised pupper here mate! 11/10 at least. https://t.co/7boff8zojZ,doggo,None,doormat,wallet,0.0566269,purse,0.0513335,0,False,757597904299253760,English (US),336,False
757597904299253760,2016-07-25 15:26:30,10,10,,7.575971410995487e+17,RT @jon_hill987: @dog_rates There is a cunningly disguised pupper here mate! 11/10 at least. https://t.co/7boff8zojZ,floofer,None,doormat,wallet,0.0566269,purse,0.0513335,0,False,757597904299253760,English (US),336,False
757597904299253760,2016-07-25 15:26:30,10,10,,7.575971410995487e+17,RT @jon_hill987: @dog_rates There is a cunningly disguised pupper here mate! 11/10 at least. https://t.co/7boff8zojZ,pupper,pupper,doormat,wallet,0.0566269,purse,0.0513335,0,False,757597904299253760,English (US),336,False
757597904299253760,2016-07-25 15:26:30,10,10,,7.575971410995487e+17,RT @jon_hill987: @dog_rates There is a cunningly disguised pupper here mate! 11/10 at least. https://t.co/7boff8zojZ,puppo,None,doormat,wallet,0.0566269,purse,0.0513335,0,False,757597904299253760,English (US),336,False
754874841593970688,2016-07-18 03:06:01,10,10,Rubio,6.791583739888763e+17,RT @dog_rates: This is Rubio. He has too much skin. 11/10 https://t.co/NLOHmlENag,doggo,None,pug,bull_mastiff,0.25153000000000003,bath_towel,0.116806,0,False,754874841593970688,English (US),9193,False
754874841593970688,2016-07-18 03:06:01,10,10,Rubio,6.791583739888763e+17,RT @dog_rates: This is Rubio. He has too much skin. 11/10 https://t.co/NLOHmlENag,floofer,None,pug,bull_mastiff,0.25153000000000003,bath_towel,0.116806,0,False,754874841593970688,English (US),9193,False
754874841593970688,2016-07-18 03:06:01,10,10,Rubio,6.791583739888763e+17,RT @dog_rates: This is Rubio. He has too much skin. 11/10 https://t.co/NLOHmlENag,pupper,None,pug,bull_mastiff,0.25153000000000003,bath_towel,0.116806,0,False,754874841593970688,English (US),9193,False
754874841593970688,2016-07-18 03:06:01,10,10,Rubio,6.791583739888763e+17,RT @dog_rates: This is Rubio. He has too much skin. 11/10 https://t.co/NLOHmlENag,puppo,None,pug,bull_mastiff,0.25153000000000003,bath_towel,0.116806,0,False,754874841593970688,English (US),9193,False
752309394570878976,2016-07-11 01:11:51,10,10,,6.75354435921576e+17,RT @dog_rates: Everyone needs to watch this. 13/10 https://t.co/Bb3xnpsWBC,doggo,None,upright,golden_retriever,0.181351,Brittany_spaniel,0.16208399999999998,0,False,752309394570878976,English (US),18963,False
752309394570878976,2016-07-11 01:11:51,10,10,,6.75354435921576e+17,RT @dog_rates: Everyone needs to watch this. 13/10 https://t.co/Bb3xnpsWBC,floofer,None,upright,golden_retriever,0.181351,Brittany_spaniel,0.16208399999999998,0,False,752309394570878976,English (US),18963,False
752309394570878976,2016-07-11 01:11:51,10,10,,6.75354435921576e+17,RT @dog_rates: Everyone needs to watch this. 13/10 https://t.co/Bb3xnpsWBC,pupper,None,upright,golden_retriever,0.181351,Brittany_spaniel,0.16208399999999998,0,False,752309394570878976,English (US),18963,False
752309394570878976,2016-07-11 01:11:51,10,10,,6.75354435921576e+17,RT @dog_rates: Everyone needs to watch this. 13/10 https://t.co/Bb3xnpsWBC,puppo,None,upright,golden_retriever,0.181351,Brittany_spaniel,0.16208399999999998,0,False,752309394570878976,English (US),18963,False
711998809858043904,2016-03-21 19:31:59,10,10,,7.119982797733478e+17,RT @twitter: @dog_rates Awesome Tweet! 12/10. Would Retweet. #LoveTwitter https://t.co/j6FQGhxYuN,doggo,None,comic_book,kuvasz,0.0598951,book_jacket,0.0466381,0,False,711998809858043904,English (US),138,False
711998809858043904,2016-03-21 19:31:59,10,10,,7.119982797733478e+17,RT @twitter: @dog_rates Awesome Tweet! 12/10. Would Retweet. #LoveTwitter https://t.co/j6FQGhxYuN,floofer,None,comic_book,kuvasz,0.0598951,book_jacket,0.0466381,0,False,711998809858043904,English (US),138,False
711998809858043904,2016-03-21 19:31:59,10,10,,7.119982797733478e+17,RT @twitter: @dog_rates Awesome Tweet! 12/10. Would Retweet. #LoveTwitter https://t.co/j6FQGhxYuN,pupper,None,comic_book,kuvasz,0.0598951,book_jacket,0.0466381,0,False,711998809858043904,English (US),138,False
711998809858043904,2016-03-21 19:31:59,10,10,,7.119982797733478e+17,RT @twitter: @dog_rates Awesome Tweet! 12/10. Would Retweet. #LoveTwitter https://t.co/j6FQGhxYuN,puppo,None,comic_book,kuvasz,0.0598951,book_jacket,0.0466381,0,False,711998809858043904,English (US),138,False
667550904950915073,2015-11-20 03:51:52,10,10,,6.675486956640707e+17,"RT @dogratingrating: Exceptional talent. Original humor. Cutting edge, Nova Scotian comedian. 12/10 https://t.co/uarnTjBeVA",doggo,None,web_site,vizsla,8.10632e-05,collie,6.915899999999999e-05,0,False,667550904950915073,English (US),37,False
667550904950915073,2015-11-20 03:51:52,10,10,,6.675486956640707e+17,"RT @dogratingrating: Exceptional talent. Original humor. Cutting edge, Nova Scotian comedian. 12/10 https://t.co/uarnTjBeVA",floofer,None,web_site,vizsla,8.10632e-05,collie,6.915899999999999e-05,0,False,667550904950915073,English (US),37,False
667550904950915073,2015-11-20 03:51:52,10,10,,6.675486956640707e+17,"RT @dogratingrating: Exceptional talent. Original humor. Cutting edge, Nova Scotian comedian. 12/10 https://t.co/uarnTjBeVA",pupper,None,web_site,vizsla,8.10632e-05,collie,6.915899999999999e-05,0,False,667550904950915073,English (US),37,False
667550904950915073,2015-11-20 03:51:52,10,10,,6.675486956640707e+17,"RT @dogratingrating: Exceptional talent. Original humor. Cutting edge, Nova Scotian comedian. 12/10 https://t.co/uarnTjBeVA",puppo,None,web_site,vizsla,8.10632e-05,collie,6.915899999999999e-05,0,False,667550904950915073,English (US),37,False
667550882905632768,2015-11-20 03:51:47,5,10,,6.67548415174144e+17,RT @dogratingrating: Unoriginal idea. Blatant plagiarism. Curious grammar. -5/10 https://t.co/r7XzeQZWzb,doggo,None,web_site,dishwasher,0.000201084,oscilloscope,0.000141736,0,False,667550882905632768,Romanian,34,False
667550882905632768,2015-11-20 03:51:47,5,10,,6.67548415174144e+17,RT @dogratingrating: Unoriginal idea. Blatant plagiarism. Curious grammar. -5/10 https://t.co/r7XzeQZWzb,floofer,None,web_site,dishwasher,0.000201084,oscilloscope,0.000141736,0,False,667550882905632768,Romanian,34,False
667550882905632768,2015-11-20 03:51:47,5,10,,6.67548415174144e+17,RT @dogratingrating: Unoriginal idea. Blatant plagiarism. Curious grammar. -5/10 https://t.co/r7XzeQZWzb,pupper,None,web_site,dishwasher,0.000201084,oscilloscope,0.000141736,0,False,667550882905632768,Romanian,34,False
667550882905632768,2015-11-20 03:51:47,5,10,,6.67548415174144e+17,RT @dogratingrating: Unoriginal idea. Blatant plagiarism. Curious grammar. -5/10 https://t.co/r7XzeQZWzb,puppo,None,web_site,dishwasher,0.000201084,oscilloscope,0.000141736,0,False,667550882905632768,Romanian,34,False
